商品編號,品牌,日文品名,中文品名,分類,規格／款式,入數標示,入數(數字),折扣標示(原文),折扣%,特價(日圓),原價(日圓),最低價,最高價,所有出現價位,稅別,價標樣式,店面線索,照片張數,觀察筆數,辨識信心,來源照片檔名,相似商品(待複核),備註
P0001,THE STEM CELL,ステムセル NMN フェイスマスク 30枚入,THE STEM CELL NMN 面膜 30枚入,面膜,NMN,30枚入,30,91%OFF,91,599,7480,599,599,599,税抜・税込併記,白底電子價標，紅色折扣框，黑色大字價格 / 白底價標，紅色91%OFF區塊，大黑字特價 / 白底價標，紅底白字折扣，黑色大字價格,AENA 價標樣式 / SNS投稿禁止 AENA / AENA 價標；SNS投稿禁止小卡 / AENA 價標樣式 / 日本藥妝店風格白底紅色折扣價標,5,5,0.9,IMG_3631.jpg | IMG_3632.jpg | IMG_3633.jpg | IMG_3634.jpg | IMG_3635.jpg,,"價標顯示税抜599円、税込659円；メーカー希望小売価格7,480円。 | 税込價格為659円；POP可見エイジングケア / For Anti-Aging | 下方商品只露出包裝，未拍到對應完整價標 | 價標另標示税込659円"
P0002,THE STEM CELL,ステムセルホワイトフェイスマスク,THE STEM CELL 白色面膜,面膜,ホワイト / WHITE FACE MASK,,,91%OFF,91,599,7480,599,599,599,税込,白底價標，紅色91%OFF區塊，大黑字特價 / 白底價標，紅底白字折扣，黑色大字價格 / 白底貨架價標，紅色91%OFF區塊，黑色大字價格,AENA 價標；SNS投稿禁止小卡 / AENA 價標樣式 / 日本藥妝店風格白底紅色折扣價標 / 日本店鋪貨架白色價標，紅色91%OFF標示,5,5,0.86,IMG_3632.jpg | IMG_3634.jpg | IMG_3635.jpg | IMG_3636.jpg | IMG_3649.jpg,,税込價格為659円 | 下方白色包裝可見，但價標未完整拍到 | 下方價標部分可見，税込659円；包裝上可見 WHITE FACE MASK | 上方右側價標清楚可見，税込659円 | 包裝可見「WHITE FACE MASK」，價標顯示本體599円、税込659円；張數未清楚顯示。
P0003,QUALITY 1st,QUALITY 1st THE DERMA GALACTOMYCES,Quality 1st THE DERMA 半乳糖酵母面膜,面膜,紫色包裝／くすみ・毛穴ケア / GALACTOMYCES / 紫色盒裝 / くすみ・毛穴ケア / ガラクトミセス,7枚入り / 30枚入,30,,,,,,,,不明,右側部分價標被裁切,日本折扣型價標樣式（紅白價標、OFF表示） / LINE 掲載商品,4,4,0.88,IMG_3656.jpg | IMG_3681.jpg | IMG_3682.jpg | IMG_3730.jpg,,未拍到價標。可見訴求包含最高濃度ガラクトミセス、4%ナイアシンアミド、アミノ酸11種類。 | 下方盒裝商品可見30枚入，但價格未拍到。 | 下方盒裝商品可見部分包裝與30枚入標示，價格未清楚對應。 | 照片右側可見紫色 Galactomyces 商品，但價標與完整規格被裁切，無法確定價格與片數。
P0004,PRIOR,PRIOR オールインワン 薬用 リンクル美コルセットゲル,PRIOR 多合一藥用抗皺美肌緊緻凝露,其他,本体 / つけかえ用,,,29%OFF,29,4399,6820,4399,4799,4399 | 4799,税込,綠色LINE掲載商品標頭，紅色星形29%OFF，白底黑字價格 / 白底價標，紅色29%OFF區塊 / 白底價標，紅色29%OFF區塊，黑色大價格,LINE掲載商品の緑色棚札、赤い割引率表示の価格タグ / 赤い割引率表示の価格タグ、LINE掲載商品タグが一部可見,2,4,0.8,IMG_0222.jpg | IMG_0223.jpg,,"右側同品系另有詰替用價標露出，但本照片中央商品為本体。價格為稅前4,799円、税込5,279円。 | 左側粉紅盒與下方價標可見為つけかえ用；税込価格4,839円。 | 粉紅盒身可見つけかえ用；税込価格4,839円。 | 右側本体商品只部分入鏡，對應價格未完整可讀。"
P0005,ヒオリカ,モイストコラーゲン フェイシャルマスク,保濕膠原蛋白面膜,面膜,Mask Color: Pink / モイストコラーゲン / Mask Color Pink,30枚入 / 30枚,30,70%OFF,70,599,2200,599,599,599,税抜,白底紅色折扣標，黑色大字價格，右下標税込價 / 赤白價標，左側紅色OFF標示,AENA風の赤白割引價標、綠白會員價標 / AENA / 赤白の割引価格タグ / SNS投稿禁止POP / AENA風格價標 / AENA風格價標，POP含AENA標誌,4,4,0.82,IMG_0177.jpg | IMG_0178.jpg | IMG_0180.jpg | IMG_3660.jpg,,税込価格は659円。包裝可見「3種のコラーゲン」「美容液たっぷり含浸マスク」。 | 粉色包裝；品牌不清楚 | 下層商品局部可見，未拍到對應價標。 | 下層商品可見，但價標被遮擋或不清楚。
P0006,旭研 / ASAHI LABO,業務用ハイドロキノン5%原液 レチノール配合,業務用氫醌5%原液 添加視黃醇,精華,5% / レチノール配合 / ハイドロキノン5%・レチノール配合 / ハイドロキノン5%,,,,,1580,,1580,1980,1580 | 1738 | 1980,税抜,緑色LINE掲載商品POP付き、白底黑字大價格，底部細綠線 / 白底黑字棚札，下方紅色條碼區，税抜大字價格與税込括號價格並列 / 右側の白色棚札、赤い下帯 / 緑色のLINE掲載商品POP付き白色棚札,LINE掲載商品の緑色POP、白地に赤帯の価格札 / 日本店頭白底紅線價標,2,4,0.93,IMG_0238.jpg | IMG_0239.jpg,P0195 (0.83) ハイドロキノン5% レチノールを配合,"税込価格は1,738円。商品盒上可見「業務用」「ハイドロキノン」「5%」「レチノール配合」。 | 棚札大字 1,800円為税抜，税込價格為 1,980円。商品外盒可見「業務用」「旭研」「ASAHI LABO」「ハイドロキノン5%」「レチノール配合」。 | 右側棚札の価格は1,8から始まるように見えるが、下部が切れており税込価格も判読不可 | 棚札は税抜1,580円、税込1,738円と表示"
P0007,THE STEM CELL,ステムセル PDRN フェイスマスク,THE STEM CELL PDRN 面膜,面膜,PDRN / 紫色包裝 / 集中ケア,,,91%OFF,91,599,7480,599,599,599,税込,白底價標，紅色91%OFF區塊，大黑字特價 / 白底價標，紅底白字折扣，黑色大字價格 / 白底黑字大價格，紅色折扣框 / 白底貨架價標，紅色91%OFF區塊，黑色大字價格,AENA 價標；SNS投稿禁止小卡 / 日本藥妝店風格白底紅色折扣價標 / 紅白特價價標樣式 / 日本店鋪貨架白色電子/紙價標，紅色91%OFF標示,4,4,0.84,IMG_3632.jpg | IMG_3636.jpg | IMG_3639.jpg | IMG_3648.jpg,,税込價格為659円；POP可見集中ケア | 下方中央價標部分遮擋但主要價格可讀；包裝上可見 PDRN ESSENCE MASK | 價標顯示税抜599円、税込659円；包裝上可見 PDRN 相關英文但部分被價標遮住。 | 正面包裝可讀到「PDRN ESSENCE MASK」。價標顯示本體599円、税込659円；張數未清楚顯示。
P0008,RepairPro,Repair pro aging pack EXOSOME / HUMAN STEM CELL CULTURE,RepairPro 熟齡修護面膜 EXOSOME / 人類幹細胞培養液,面膜,黑銀包裝 / EXOSOME / HUMAN STEM CELL CULTURE,,,,,,,,,,不明,,AENA風格價標 / AENA風格價標，POP含AENA標誌 / AENA風の赤白割引價標、綠白會員價標,3,3,0.82,IMG_0178.jpg | IMG_0180.jpg | IMG_3660.jpg,,右下商品局部可見，未拍到對應價標與片數。 | 下層商品可見，未拍到清楚價標與片數。 | 右側僅部分入鏡，價格與片數在此張照片不可完整辨識。
P0009,MDSKIN LABO,VC-100 Vitamin Care All in One Premium Care Mask,VC-100 維他命全效高級護理面膜,面膜,黃色包裝 / Vitamin C / VC-100 vitamin,,,45%OFF,45,499,549,499,499,499,不明,赤白價標，左側紅色OFF標示,AENA風格價標，POP含AENA標誌 / AENA / 赤白の割引価格タグ / SNS投稿禁止POP,3,3,0.8,IMG_0177.jpg | IMG_0180.jpg | IMG_0181.jpg,,右下黃色商品局部可見，價標未拍到。 | 左下局部可見，未拍到對應價標與片數。 | 黃色包裝；可見「5つの機能」
P0010,PLATINUM LABEL,GRACEAGE WRINKLE WHITE,Graceage 抗皺美白美容凝膠,其他,粉紅盒 / ホワイトニングリンクルゲルクリーム,120g,,78%OFF,78,999,4950,999,999,999,税込,白底紅色折扣標，黑色大價格 / 白底價標，紅色折扣框，黑色大字價格,日本店頭紅白折扣價標 / LINE掲載商品の緑色POP風價標 / 日本藥妝店白底紅色折扣價標,3,3,0.82,IMG_3705.jpg | IMG_3706.jpg | IMG_3722.jpg,,"右側商品只部分入鏡；品名與原價部分不清楚，税込價格看似 1,099円。 | 包裝標示美容ゲル、シワ改善、シミ対策、さらに美白の透明感；税込價格為1,099円。 | 包裝可見美容ゲル、シワ改善、シミ対策、美白の透明感；税込價格為1,099円。"
P0011,pdc,Pure Natural Premium,Pure Natural Premium,化妝水,薬用美白／本気のシミ対策 / 肌荒れ・ニキビ予防／毛穴ケア,,,,,1430,,1430,1430,1430,税込,"緑色のLINE掲載商品棚札。税抜1,300円、税込1,430円。",LINE 掲載商品 綠色標籤,1,3,0.84,IMG_3724.jpg,,"商品箱には「化粧水 乳液」とあり、棚札の税抜価格は1,300円。 | 同系列の緑色箱。価格は同じ棚札に対応している可能性が高いが、個別には確認不可。 | 同系列の青色箱。価格は右側棚札に対応している可能性が高いが、個別には確認不可。"
P0012,HADAOMOI,HADAOMOI ヒト幹細胞培養液配合オールインワンゲル,HADAOMOI 人類幹細胞培養液全效合一凝膠,其他,,,,90%OFF,90,699,7480,699,699,699,税込,白底紅色折扣框、黑色大價格、紅色底欄 / 白底價標，紅色90%OFF區塊，黑色大字價格 / 右側價標被裁切,日本店頭紅白折扣價標樣式 / 日本藥妝店折扣價標樣式：紅色OFF標籤、白底黑字價格,3,3,0.8,IMG_0229.jpg | IMG_0230.jpg | IMG_0231.jpg,,粉色罐裝商品。POP 文字提到ハリ、弾力、ヒト幹細胞培養液、スクワラン。税込價格為 769円。 | 税込價格為769円；粉色罐身。 | 只看到粉色罐身邊緣與部分HADAOMOI價標，價格無法辨識。
P0013,BOTANICAL,プレミアムモイスト ボタニカル オールインワンジェル,Premium Moist 植物性全效凝膠,其他,みずみずしくうるおう素肌へ / Premium moist,,,90%OFF,90,999,10780,999,999,999,税抜,白底紅色折扣框、黑色大價格、下方税込小字 / 左側價標被裁切,紅白折扣價標樣式 / 日本藥妝店折扣價標樣式：紅色OFF標籤、白底黑字價格,3,3,0.84,IMG_0232.jpg | IMG_0233.jpg | IMG_0234.jpg,,"税込価格為1,099円。商品標示オールインワンジェル，化粧水・乳液・美容液・パック等用途。 | 税込価格為1,099円。 | 左側商品與價標被裁切，僅能辨識部分商品名、メーカー希望小売価格10,780円與税込1,099円，特價本體可能為999円但未完整可見。"
P0014,.akaran,ドットアカラン ビタバランス オールインワンジュレ,akaran 維他平衡全效凝露,其他,"VITAMIN-C.E.A.B serum / 091 VITAMIN-C,E,A,B serum",,,72%OFF,72,499,1980,499,499,499,税込,白底價標，紅色72%OFF區塊，黑色大字價格 / 白底紅色折扣框、黑色大價格、下方税込小字,日本藥妝店折扣價標樣式：紅色OFF標籤、白底黑字價格 / 紅白折扣價標樣式,3,3,0.84,IMG_0232.jpg | IMG_0233.jpg | IMG_0234.jpg,,税込價格為549円；POP標示9種のビタミン、悩み肌にアプローチ。 | 税込価格為549円。POP寫9種のビタミン、1カプセルから弾けて浸透。 | 税込価格為549円。右側のみ一部可見。
P0015,pdc,ピュアナチュラル バランシング クリームエッセンス,Pure Natural 平衡乳霜精華,精華,クリームエッセンス / 肌荒れ・ニキビ予防、毛穴ケア,,,会員様ならこの価格！,,1200,,1200,1320,1200 | 1320,税込,"右下白底棚札，上方綠色會員價POP，税抜1,200円、税込1,320円 / 綠色會員價價標，白底黑字大價格 / 綠底白字會員價標，黑色大字價格",LINE掲載商品、会員様ならこの価格！の緑色價標 / 会員様ならこの価格！の緑色價標、割引率入り白赤價標 / 綠色「会員様ならこの価格！」價標、紅白折扣價標,3,3,0.84,IMG_3707.jpg | IMG_3708.jpg | IMG_3710.jpg,,"右側綠蓋罐裝商品旁的棚札。 | 外盒可見肌荒れ・ニキビ予防、毛穴ケア、CICA、アラントイン、浸透型マルチセラミド等。税抜1,200円、税込1,320円。 | 照片中央綠蓋罐裝，標籤可見「テスター お試しください」。税込價格為1,320円。產品正面文字模糊，名稱主要由價標辨識。"
P0016,wiwewo,生ビタミン生レチノールケアマスク 大容量50枚,生維他命生視黃醇護理面膜 大容量50片,面膜,RETINOL VITAMIN / Premium Care Mask / RETINOL VITAMIN Premium Care Mask,50枚入 / 50枚,50,77%OFF,77,699,3300,699,699,699,税込,白底紅色折扣區塊價標，黑色大字價格 / 紅底黃字大型特價POP，左側黃色爆炸框,AENA風格價標 / AENA風格價標，POP含AENA標誌 / 紅白特価品價標樣式,3,3,0.88,IMG_0178.jpg | IMG_0180.jpg | IMG_3640.jpg,P0197 (0.86) 生レチノールケアマスク 大容量50枚,包裝可見「1枚で4役」「毛穴肌に集中ケア!」「生レチノール」「生ビタミン」。價標顯示税込769円，主價格699円應為税抜或本體價格；照片中未明確標示税抜。 | 同一商品多包陳列。價標顯示税込769円，主價格699円應為税抜或本體價格；照片中未明確標示税抜。 | POP顯示税抜699円、税込769円；包裝可見美容液まるごと7本分、480ml、MADE IN JAPAN。
P0017,プラチナレーベル,プラチナレーベル CICAオールインワンゲル,Platinum Label CICA 積雪草全效合一凝膠,其他,CICA,,,50%OFF,50,799,1760,799,799,799,税込,白底價標，紅色50%OFF區塊，黑色大字價格 / 白底價標，紅色50%OFF區塊,日本藥妝店折扣價標樣式：紅色OFF標籤、白底黑字價格,3,3,0.8,IMG_0230.jpg | IMG_0231.jpg | IMG_0232.jpg,,税込價格為879円；商品標示ハリ、保湿、ツヤ、これ1個で5役。 | 税込價格為879円；商品標示ハリ、保湿、ツヤ。 | 右下角價標被裁切，只能確認50%OFF，價格無法完整辨識。
P0018,THE STEM CELL,ステムセル BIO リポソーム フェイスマスク,THE STEM CELL BIO 脂質體面膜,面膜,BIO リポソーム,,,91%OFF,91,599,7480,599,599,599,税抜・税込併記,白底電子價標，紅色折扣框，黑色大字價格 / 白底價標，紅色91%OFF區塊，大黑字特價,AENA 價標樣式 / SNS投稿禁止 AENA / AENA 價標；SNS投稿禁止小卡,3,3,0.9,IMG_3631.jpg | IMG_3632.jpg | IMG_3633.jpg,,"價標顯示税抜599円、税込659円；メーカー希望小売価格7,480円。 | 税込價格為659円；包裝上可見 For Plump, Hydrated Skin | 税込價格為659円；包裝可見 MADE IN JAPAN"
P0019,Avénis by Re'senza,アヴェニス 薬用ブライトニングエッセンス,Avénis 藥用亮白精華,精華,トラネキサム酸、グリチルリチン酸ジカリウム、北海道の雪どけ水配合,100ml / 3.3 Fl oz / 100mL / 3.3 fl.oz.,,89%OFF,89,1980,19800,1980,1980,1980,税抜,白底價標，紅色折扣框，黑色大字價格，下方橘紅色條 / 白底價標，紅色折扣框，黑色大字價格，下方税込價,紅色OFF折扣價標 / 日本店頭折扣價標；紅色OFF標示、税込價併記,3,3,0.9,IMG_3690.jpg | IMG_3691.jpg | IMG_3692.jpg,,"商品包裝部分入鏡；價標顯示税込 2,178円。 | 右側商品部分被裁切；價標顯示税込 2,178円。 | 税込價格為2,178円；包裝標示集中美白×シミ対策、医薬部外品、エステ専売品"
P0020,SECRET SCIENCE+,SECRET SCIENCE+ ジェリークリーム,SECRET SCIENCE+ 果凍乳霜,其他,コラーゲン球状保湿液配合 / ジェリークリーム,,,88%OFF,88,999,8800,999,999,999,税抜,白底紅色折扣標，黑色大價格 / 白底紅色折扣框，黑色大字價格,割引率入り白赤價標 / 紅白折扣價標,3,3,0.86,IMG_3709.jpg | IMG_3711.jpg | IMG_3712.jpg,,"紫色盒商品右側可見。價標顯示メーカー希望小売価格8,800円、税抜999円、税込1,099円。 | 紫色展示卡。税込價格為1,099円。可見IPS細胞培養液配合。 | 左側只拍到部分紫色包裝與部分價標，完整資訊參照照片可見文字，價格可見999円但部分邊緣被裁切。"
P0021,,推しごと×サプリ Yellow GABA,推活×補充品 Yellow GABA,其他,Yellow / GABA,約1日分・5粒入,,98%OFF,98,29,1296,29,29,29,税込,白底紅色98%OFF折扣價標，黑色大字價格 / 白底紅色折扣區塊價標，黑色大字價格,紅白價標，顯示98%OFF與税込價格 / 紅白價標，顯示參考小売価格與税込價格,3,3,0.82,IMG_0197.jpg | IMG_0198.jpg | IMG_0199.jpg,,正面主商品清楚；品牌未在包裝正面清楚可辨。 | 左側主商品清楚；價標在照片下方左側部分可見。 | 右側黃色商品只部分入鏡；價標可見部分資訊。
P0022,NMN,NMN PREMIUM FACE MASK,NMN 高級面膜,面膜,Glutathione / Collagen / Hyaluronic Acid / Placenta / Niacinamide / Vitamin C Derivative / ホログラム包装,,,70%OFF / 86%OFF,86,699,769,699,699,699,税込,赤地に黄色文字のPOP、黄色ギザギザ吹き出し / 赤白價標，左側紅色OFF標示,紅白黃特價POP局部 / AENA / 赤白の割引価格タグ / SNS投稿禁止POP,3,3,0.92,IMG_0176.jpg | IMG_0201.jpg | IMG_3628.jpg,,上部POPに税込表示と70%OFFは見えるが、価格の数字部分は写真外で判読不可 | 照片中只有商品包裝正面，未見貨架價標、POP標示或折扣貼紙。 | 品牌與完整日文名部分不清楚
P0023,VITAme,ピュアビタミン＆レチノール ローション,純維他命與視黃醇化妝水,化妝水,,,,93%OFF,93,699,11000,699,699,699,税抜,白底價標，紅色折扣框，黑色大字價格，下方標示税込價 / 白底價標，紅色折扣框，黑色大字價格但右側被裁切,日本藥妝店白底紅色OFF價標樣式,2,3,0.78,IMG_3719.jpg | IMG_3720.jpg,,價標顯示税込 769円。包裝可見ピュアビタミンC＆レチノール配合、美容ローション、ディープインパクト処方。 | 右側同品牌價標被截斷，商品名與價格無法完整確認。
P0024,Kracie,肌美精 アイバッグ ニードルショット,肌美精 眼袋微針貼,眼膜,目もと用／ヒアルロン酸配合,1回分（2枚入）,2,60%OFF,60,399,1100,399,399,399,税抜,白底紅框價標，黑色大字價格 / 白底紅色折扣框，黑色大字價格,日本藥妝店紅白折扣價標樣式,3,3,0.9,IMG_0215.jpg | IMG_0216.jpg | IMG_0217.jpg,,税込価格は439円。照片左側商品部分被裁切，但價標與包裝可辨識。 | 税込価格は439円。包裝標示ハイドロコロイド素材使用。 | 税込価格は439円。商品右側部分被裁切，但主要資訊可辨識。
P0025,プラチナレーベル,プラチナレーベル CICAクリーム,Platinum Label CICA保濕美容霜,其他,Advanced Cream、CICA、乾燥によるゆらぎ肌を整える / Advanced Cream、CICA、保湿美容クリーム / CICA,,,42%OFF,42,699,1320,699,699,699,税抜,白底紅色折扣標，黑色大價格 / 白底紅色折扣框，黑色大字價格,会員様ならこの価格！の緑色價標、割引率入り白赤價標 / 割引率入り白赤價標 / 綠色「会員様ならこの価格！」價標、紅白折扣價標,3,3,0.86,IMG_3708.jpg | IMG_3709.jpg | IMG_3710.jpg,,"價標顯示メーカー希望小売価格 1,320円、42%OFF、税抜699円、税込769円。 | 包裝可見ハリ・保湿・ツヤ、うるおいハリ艶肌に。價標顯示メーカー希望小売価格1,320円、税抜699円、税込769円。 | 右側綠白盒裝。税込價格為769円。可見乾燥によるゆらぎ肌を整える、2種類のハーブエキス配合、Advanced Cream。"
P0026,W.,W. ホワイト オールインワンゲル,W. White 全效合一凝膠,其他,ホワイト / NMN配合／エイジングケアにおすすめ,,,88%OFF,88,999,8800,999,999,999,税込,白底價標，紅色88%OFF區塊，黑色大字價格 / 白底紅色折扣框、黑色大價格、下方税込小字,日本藥妝店折扣價標樣式：紅色OFF標籤、白底黑字價格 / 紅白折扣價標樣式,3,3,0.82,IMG_0231.jpg | IMG_0232.jpg | IMG_0233.jpg,P0090 (0.86) NMN ホワイト オールインワンゲル,"税込價格為1,099円；藍色POP寫NMN配合、エイジングケアにおすすめ。 | 税込價格為1,099円；白色罐身上有テスター貼紙。 | 税込価格為1,099円。右側商品部分可見，商品全名部分被遮擋。"
P0027,CAPITOLO,ハトムギ オールインワンジェル,薏仁全效凝膠,其他,パウチ / 敏感肌・保湿／13種のアミノ酸配合,1000ml / 1000g,,70%OFF / 71%OFF,71,899,3300,899,999,899 | 999,税抜,白底紅色折扣框、黑色大價格、下方税込小字,紅白折扣價標樣式,2,3,0.86,IMG_0234.jpg | IMG_0235.jpg,,"税込価格為989円。補充包／パウチ形態。 | 税込価格為1,099円。POP標示お得大容量、これ1本で5役。 | 税込価格為989円。右側補充包部分可見。"
P0028,ピュアリス,おやすみナイトケアマスク,晚安夜間護理面膜,面膜,夜の集中ケア / ラベンダーの香り,,,65%OFF,65,699,769,699,699,699,税抜,赤白價標，左側紅色OFF標示,AENA / 赤白の割引価格タグ / SNS投稿禁止POP / AENA 價標樣式,3,3,0.84,IMG_0176.jpg | IMG_0177.jpg | IMG_3664.jpg,,品牌與張數不完全清楚；價標顯示税込769円 | 下排深藍色包裝 | 右側商品只拍到部分包裝，完整品牌、片數與價格不可確認；同系列資訊在照片中可見但未完整拍到。
P0029,Rice Face Mask,お米のマスク,米面膜,面膜,ライスエキス配合 / お米由来成分,7枚入 / 7枚,7,30%OFF,30,349,547,349,349,349,税込,白底紅色折扣標，黑色大字價格 / 白底紅色折扣框，黑色大字價格 / 赤白價標，左側紅色OFF標示,AENA / 紅白折扣價標樣式 / AENA / 赤白の割引価格タグ / SNS投稿禁止POP,3,3,0.84,IMG_0176.jpg | IMG_3670.jpg | IMG_3671.jpg,,稅込價格為384円；品牌名稱未清楚拍到 | 價標顯示税込384円；包裝可見 Rice Face Mask、MADE IN JAPAN。原價處可讀為参考小売価格547円。 | 包裝寫有「みずみずしいもちもち肌へ」
P0030,PLATINUM LABEL,PLATINUM LABEL GRACEAGE WRINKLE WHITE ホワイトニング リンクル アイクリーム,白金標 Graceage 美白抗皺眼霜,其他,シワ改善／シミ対策／美白,30g,,78%OFF,78,999,4950,999,999,999,税抜,白底紅色折扣框，黑色大字價格,日本藥妝店紅白折扣價標樣式,2,2,0.9,IMG_0215.jpg | IMG_0216.jpg,P0119 (0.87) PLATINUM LABEL GRACEAGE WRINKLE WHITE アイクリーム,"税込価格は1,099円。標示医薬部外品。 | 價標右側被裁切，税込価格推定可見為1,099円但末尾部分被裁切。"
P0031,i-SAMU,i-SAMU Veganior BAKUCHIOL&CICA FACE MASK Premium 10P,i-SAMU Veganior 補骨脂酚&CICA 高級面膜,面膜,BAKUCHIOL&CICA / ヴィーガンコスメ / BAKUCHIOL&CICA,10枚入 / 10P,10,67%OFF,67,499,1650,499,499,499,税込,白底紅色折扣框，黑色大字價格 / 白底紅色折扣條，黑色大字價格,紅白價標，折扣標示為「%OFF」 / AENA價標樣式,2,2,0.82,IMG_3676.jpg | IMG_3677.jpg,,價標商品名可讀為VフェイスマスクBAKUCHIOL&CICA；税込價格為549円 | 價標顯示税込549円；包裝貼紙可見『集中エイジングケア』
P0032,ancienne,ancienne premium white essence EXOSOME × VitaminC,ancienne 高級美白精華液 外泌體 × 維他命C,精華,premium white / VitaminC,,,90%OFF,90,999,11000,999,999,999,不明,白底紅色90%OFF標籤部分可見 / 白底紅色90%OFF標籤，黑色大字價格，右側標示税込價格,日本藥妝店白底紅色折扣價標樣式,2,2,0.82,IMG_0249.jpg | IMG_0250.jpg,,"右側商品與價標被裁切，價格與原價無法看清。瓶身有橘色テスター貼紙。 | 税込價格為1,099円；包裝可見透明感、エクソソーム、ビタミンC誘導体等字樣。左側瓶身有橘色テスター貼紙。"
P0033,SANWA HONPO,Needle Cream EXPRESS MICRO TREATMENT CREAM,Needle Cream Express 微針美容霜,其他,マイクロニードル美容クリーム,,,14%OFF,14,999,1280,999,999,999,税込,白底價標，紅色折扣框，黑色大字價格,LINE掲載商品の緑色POP風價標,2,2,0.84,IMG_3704.jpg | IMG_3705.jpg,,"税込價格為1,099円；包裝可見ハリ弾力、ツヤ感、潤い、肌荒れ防止；含スクワラン、ホホバ種子油、オリーブ果実油、セラミド。 | 左側只拍到部分包裝，價標被裁切，價格無法完整確認。"
P0034,GASI,GASI EVERYDAY SERUM-FIT FACE MASK AGING CARE,GASI 每日精華貼合面膜 抗老護理,面膜,AGING CARE,20 Sheets,20,75%OFF,75,899,3980,899,899,899,税抜,白底紅色折扣區塊，黑色大字價格 / 赤白價標，左側紅色OFF標示,AENA價標，黃色「SNS投稿禁止」POP / AENA / 赤白の割引価格タグ / SNS投稿禁止POP,2,2,0.83,IMG_0176.jpg | IMG_3732.jpg,,價標另標税込 989円；包裝可見ヒト幹細胞與コラーゲン配合。 | 右側紅色盒裝，部分商品被截到；原價或税込價以價標可見989円記錄
P0035,LUX,Botanifique By LUX Premium ダメージリペア トリートメント,LUX Botanifique Premium 損傷修護護髮膜／護髮素,其他,DAMAGED REPAIR treatment / with lotus flower oil / 花のボタニカルトリートメント / ダメージ補修,,,63%OFF,63,299,900,299,299,299,税込,白底貨架標籤，紅色63%OFF方塊，黑色大字價格,紅白貨架折扣價標,2,2,0.82,IMG_3642.jpg | IMG_3643.jpg,,右側商品部分入鏡；價標可讀為ラックス ボタニフィーク ダメージトリートメント詰替，税込329円。容量未清楚可見。 | 下方價標部分可見，顯示ラックス ボタニフィーク ダメージトリートメント詰替，税込329円。容量未清楚可見。
P0036,ancienne,ancienne premium age care EXOSOME 集中美容液,ancienne 高級年齡護理 外泌體集中美容液,精華,premium age care,,,90%OFF,90,999,11000,999,999,999,税抜,白底紅色90%OFF標籤，黑色大字價格，右側標示税込價格,日本藥妝店白底紅色折扣價標樣式,2,2,0.82,IMG_0248.jpg | IMG_0249.jpg,,"税込價格為1,099円；可見成分訴求為エクソソーム、ヒト幹細胞培養液、ナイアシンアミド。 | 税込價格為1,099円；側面文字可見エクソソーム×ヒト幹細胞培養液相關訴求。"
P0037,ピオリカ,ピオリカ NMN＆ナイアシンアミド配合ハイドロゲルポイントマスク,Piorica NMN＆菸鹼醯胺水凝膠局部面膜,眼膜,NMN×ナイアシンアミド / POINT GEL MASK,,,53%OFF,53,699,1650,699,699,699,税抜,白底紅色折扣框、大黑字價格、税込小字,紅白價標樣式,2,2,0.78,IMG_0207.jpg | IMG_0208.jpg,,税込価格為769円；貨架標示品名下半部部分被遮擋，推定為ポイントマスク但可見文字為ポイン卜マ | 右側價標部分被裁切，僅可確認699円與53%OFF；税込價格與原價不可完整辨識
P0038,,THE EXOSOME HIGH CLASS MOIST ESSENCE,THE EXOSOME 高級保濕精華,精華,HIGH CLASS MOIST ESSENCE,,,90%OFF,90,999,10780,999,999,999,税込,白底價標，紅色折扣框，黑色大字價格，底部紅色條,日本藥妝店白底紅色折扣價標樣式,2,2,0.82,IMG_0246.jpg | IMG_0247.jpg,,"品牌名未完整清楚；税込價格為1,099円。黑色外盒可見THE EXOSOME / HIGH CLASS MOIST ESSENCE。 | 品牌名未清楚可見；税込價格推定為1,099円但部分被裁切。"
P0039,THE STEM CELL,THE STEM CELL BIO LIPOSOME FACE MASK,THE STEM CELL 生物脂質體面膜,面膜,BIO LIPOSOME / BIO LIPOSOME / 深藍紫色包裝,,,91%OFF,91,599,7480,599,599,599,不明,商品本體為深藍色包裝，右側有一張部分入鏡的白底棚札與紅色折扣標示，但無法確認是否對應此商品 / 白底電子價標風格，紅色91%OFF標示，大黑字價格，另有税込659円,AENA,2,2,0.84,IMG_3630.jpg | IMG_3651.jpg,,商品正面未見價格貼紙；照片中可見的價格標籤被裁切或模糊，無法可靠讀出此商品售價 | 包裝可見 MADE IN JAPAN。價標右側被裁切，但可讀到税抜599円、税込659円；張數未在照片中清楚可見。
P0040,THE STEM CELL,THE STEM CELL FACIAL TREATMENT MASK,THE STEM CELL 臉部護理面膜,面膜,紅色包裝 / 紅色包裝 / キメ / For Smooth Skin,,,91%OFF,91,599,7480,599,599,599,不明,白底電子價標風格，紅色91%OFF標示，大黑字價格，另有税込659円,日本藥妝店風格白底紅色折扣價標,2,2,0.84,IMG_3637.jpg | IMG_3652.jpg,,下方紅色包裝部分可見，未見清楚對應價標 | 價標顯示税抜599円、税込659円。貨架小卡可見ヒト幹細胞培養液與プラチナナノコロイド配合相關文字，但張數未清楚可見。
P0041,Re'senza,リセンザ ステムセル＆エクソソーム プレミアムオールインワンジェル,Re'senza 幹細胞與外泌體高級全效凝膠,其他,シルバー / STEMCELL & EXOSOME,80g 2.8 oz.,,82%OFF,82,1999,12100,1999,1999,1999,不明,白底價標，紅色折扣框，黑色大字價格,日本店頭の赤い割引率入り価格タグ,2,2,0.82,IMG_0225.jpg | IMG_0226.jpg,,"税込価格は写真下端で一部見えるが完全には確認不可。 | 税込価格は2,199円。"
P0042,pdc,ピュアナチュラル プレミアム バランシング エッセンスローション,pdc Pure Natural Premium 平衡精華化妝水,化妝水,肌荒れ・ニキビ予防 / 毛穴ケア / 肌荒れ・ニキビ予防、毛穴ケア,,,,,1200,,1200,1200,1200,税込,綠色 LINE 掲載商品標籤，白底黑字價格 / 綠色LINE掲載商品價標、白底黑字價格,LINE 掲載商品 綠色標籤 / 紅白折扣價標、LINE掲載商品小卡,2,2,0.84,IMG_3724.jpg | IMG_3725.jpg,,"價標顯示税込 1,320円；盒身可見化粧水＋乳液、CICA、アラントイン、浸透型マルチセラミド。 | 價標顯示税込1,320円；包裝正面可見薬用、グリチルリチン酸ジカリウム、CICA、化粧水＋乳液。"
P0043,ステムセル,ステムセル SHIRATAMA SUHADA フェイスマスク,THE STEM CELL SAITAMA SUHADA 面膜,面膜,白色包裝 / SAITAMA SUHADA,,,91%OFF,91,599,7480,599,599,599,税抜,白底黑字大價格，紅色折扣框 / 白底價標，紅色91%OFF區塊，大黑字特價,紅白特價價標樣式 / AENA 價標；SNS投稿禁止小卡,2,2,0.78,IMG_3632.jpg | IMG_3639.jpg,,下方價標部分被裁切，但可見同款599円與91%OFF；包裝文字可見 THE STEM CELL SHIRATAMA SUHADA ESSENCE MASK。 | 税込價格為659円
P0044,QUALITY 1st,QUALITY 1st THE DERMA SENSITIVE,Quality 1st Derma Sensitive 防止肌膚粗糙面膜,面膜,藍綠色包裝／肌あれを防ぐ / ザ・ダーマ センシティブ,7枚入り,7,,,,,,,,不明,,,1,2,0.88,IMG_3658.jpg,,未拍到價標。照片中同款商品出現多包。可見訴求包含3倍増量CICA、4%ナイアシンアミド、6種類のセラミド。左側部分拍到其他RETINOL/VITAMIN面膜，但品牌與完整品名不清楚，未列為商品。 | 照片中可見商品包裝與商品POP標示，但未見棚札、税込/税抜價格或折扣價格。
P0045,Re'senza,リセンザ アスタキサンチンプレミアムオールインワンジェル,Re'senza 蝦紅素高級全效凝膠,其他,赤 / アスタキサンチン・レチノール・フラーレン,100g 3.5 oz.,,78%OFF,78,1980,9900,1980,1980,1980,税込,白底價標，紅色折扣框，黑色大字價格,日本店頭の赤い割引率入り価格タグ,2,2,0.78,IMG_0224.jpg | IMG_0225.jpg,,"税込価格は2,178円。商品箱にエステ専売品、年齢肌用エイジングケアの記載あり。 | 税込価格は写真下端で裁切され確認不可。"
P0046,Dcure+,ピコモンテシートマスク 1枚 8種のヒアルロン酸＋コラーゲン,Pico Monte Dcure+ 8種玻尿酸＋膠原蛋白面膜,面膜,HYALURONIC ACID + COLLAGEN / 藍色包裝,1枚,1,67%OFF,67,99,330,99,99,99,税込,白底紅色折扣標，黑色大字價格,AENA,2,2,0.9,IMG_3668.jpg | IMG_3669.jpg,,稅込價格為109円；右側商品部分可見；可見楽天市場NO.1標章 | 稅込價格為109円；可見楽天市場NO.1標章
P0047,Re'senza,Re'senza SUPER VC100 プレミアムマスク,Re'senza SUPER VC100 高級面膜,面膜,VC100 / エイジングケア,7枚入,7,88%OFF,88,499,4400,499,499,499,税込,白底紅色折扣框，黑色大字價格,紅白價標，折扣標示為「%OFF」,2,2,0.82,IMG_3674.jpg | IMG_3675.jpg,,可見 APPS、VCエチル、ナイアシンアミド、トコフェロール誘導体、コエンザイムQ10 等成分標示；税込價格為549円 | 右側包裝局部可見；税込價格為549円
P0048,Re'senza,Re'senza 3ステムセル プレミアムフェイスマスク,Re'senza 3幹細胞高級面膜,面膜,3 STEMCELL & EXOSOME,7枚入,7,86%OFF,86,699,5500,699,699,699,税込,白底紅色折扣框，黑色大字價格,紅白價標，折扣標示為「%OFF」,2,2,0.8,IMG_3675.jpg | IMG_3676.jpg,,價標商品名部分可讀為リセンザ 3ステムセル…プレミアムフェイスマスク；税込價格為769円 | 右側商品與價標清楚可見；税込價格為769円
P0049,Re'senza,リセンサ アスタキサンチン エイジングケアエッセンス,Re'senza 蝦青素抗老精華液,精華,アスタキサンチン / エイジングケア,,,88%OFF,88,999,8800,999,999,999,税抜,白底紅色折扣框，大黑字價格，紅色底欄,日本店鋪紅白價標，標示%OFF與税込價格,2,2,0.86,IMG_0242.jpg | IMG_0243.jpg,,"税込価格は1,099円。右側商品部分被裁切，容量未清楚可見。 | 税込価格は1,099円。照片中同款紅盒出現兩盒。"
P0050,pdc,ピュアナチュラル プレミアム ブライトニング ローション,pdc Pure Natural Premium 亮白化妝水,化妝水,シミ対策 / 薬用美白,,,,,1300,,1300,1300,1300,税込,綠色 LINE 掲載商品標籤，白底黑字價格,LINE 掲載商品 綠色標籤，日本店頭紅白折扣價標 / LINE 掲載商品 綠色標籤,2,2,0.84,IMG_3723.jpg | IMG_3724.jpg,P0148 (0.86) ピュアナチュラル プレミアム ブライトニング エッセンス,"價標顯示税込 1,430円；盒身可見化粧水＋乳液，可能為雙效型。 | 右側商品與價標部分入鏡；可見價格 1,300円、税込 1,430円。"
P0051,myO2,myO2 ウォーターコートトリートメント ディープモイスト 詰替,myO2 水潤包覆護髮素 深層保濕 補充包,其他,ディープモイスト / 太い髪・硬い髪 / ディープモイスト / 太い髪・硬い髪の方へ,詰替,,64%OFF,64,399,1210,399,399,399,不明,緑色のLINE掲載商品ヘッダー、白地、大きな黒字価格、赤い64%OFF星形POP,LINE掲載商品の緑色ヘッダー付き価標,2,2,0.88,IMG_3735.jpg | IMG_3736.jpg,,左側にピンクの詰替パウチが一部写っているが、対応する価標は見切れており価格は判読不可。 | 中央のピンク系パウチと価標が対応。容量表示は写真では判読不可。
P0052,EVERYYOU,EVERYYOU ナイアシンアミドシートアイマスク,EVERYYOU 菸鹼醯胺片狀眼膜,眼膜,ナイアシンアミド / 銀色盒,120シート / 60組 / 約2か月分,120,42%OFF,42,699,1320,699,699,699,税抜,白底價標，紅色42%OFF區塊，黑色大字價格，底部紅條,日本藥妝店折扣價標樣式（紅色OFF標籤、白底價標）,2,2,0.88,IMG_0210.jpg | IMG_0211.jpg,P0147 (0.83) EVERYYOU ナイアシンアミドフェイシャルマスク,價標顯示税込769円；盒身可見 NIACINAMIDE MANAZA-SHEET EYEMASK、ENRICHED MOISTURE、MADE IN JAPAN。 | 右側商品與價標部分入鏡；商品名稱與價格可辨識，規格被裁切。
P0053,QUALITY 1st,QUALITY 1st THE DERMA VC100,Quality 1st Derma VC100 毛孔護理面膜,面膜,黃色包裝／毛穴ケア / VC100 / 黃色盒裝,7枚入り / 30枚入,7,,,,,,,,不明,,日本折扣型價標樣式（紅白價標、OFF表示）,2,2,0.86,IMG_3657.jpg | IMG_3681.jpg,P0159 (0.8) QUALITY 1st THE DERMA MASK,未拍到價標。照片中同款商品出現多包。可見訴求包含4種類のビタミンC、4%ナイアシンアミド、高濃度ガラクトミセス。 | 下方盒裝商品可見30枚入，但價格未拍到。
P0054,VT,S100 REEDLE DAILY SKIN CARE,VT S100 Reedle 每日肌膚護理導入美容液,精華,CICA × HYALON / 導入美容液,1.5mL × 6包,,40%OFF,40,299,500,299,299,299,不明,白底價標，紅色折扣框，黑色大字價格，下方税込價,日本店頭折扣價標；紅色OFF標示、税込價併記,2,2,0.82,IMG_3692.jpg | IMG_3693.jpg,,此張照片可見商品包裝但未清楚拍到對應價標；包裝可見話題の商品、VT REEDLE S の Cica Reedle 配合、REEDLE S 6回分 | 税込價格為329円；價標文字可見商品名為 S100 リードル 美容液，但部分細字因模糊無法完整辨識
P0055,PLATINUM LABEL,プラチナレーベル ホワイトニングリンクルエッセンス,PLATINUM LABEL 美白抗皺精華,精華,ホワイトニング リンクル,,,78%OFF,78,999,4950,999,999,999,税抜,白底價標，紅色折扣框，黑色大字價格,AENA風格價標 / AENA店內POP「SNS投稿禁止」與AENA標誌,2,2,0.9,IMG_3696.jpg | IMG_3697.jpg,,"税込價格為1,099円；外盒標示医薬部外品 | 外盒可見シワ改善、シミ対策、さらに「美白」の透明感、医薬部外品；税込價格下半部部分被裁切但可判讀為1,099円"
P0056,Re'senza,Re'senza PREMIUM EYE CREAM,Re'senza 高級眼霜,其他,薬用シワ改善 美白目元クリーム,30g,,88%OFF,88,999,8800,999,999,999,税抜,白底紅色折扣框，黑色大字價格,日本藥妝店紅白折扣價標樣式,2,2,0.9,IMG_0215.jpg | IMG_0216.jpg,,"税込価格は1,099円。標示医薬部外品。 | 税込価格は1,099円。右側價標部分可見。"
P0057,BIORICA,ビオリカ ノンシリコン ボタニカル コンディショナー,BIORICA 無矽靈植物護髮素,其他,スムースタイプ / アップルフローラルの香り / スムースタイプ,400mL,,63%OFF,63,299,880,299,299,299,税抜,白底紅色折扣欄，黑色大字價格，另標税込價,紅白折扣價標樣式,2,2,0.82,IMG_3645.jpg | IMG_3646.jpg,,畫面中同款多包；價標商品名可見為ビオリカ ノンシリコン ボタニカル コンディショナー。税込329円 | 右側商品部分入鏡；價標可見為ビオリカ ノンシリコン ボタニカル コンディショナー
P0058,Dcure+,ピュアモンテ Dcure+ フェイスマスク CICA,Pure Monte Dcure+ 積雪草 CICA 面膜,面膜,CICA / Centella asiatica / CICA / Centella asiatica / 綠色包裝,1枚,1,67%OFF,67,99,330,99,99,99,税抜,白底紅色折扣欄，黑色大字價格，下方税込價格 / 白底紅色折扣標，黑色大字價格,紅白折扣價標 / AENA,2,2,0.9,IMG_3667.jpg | IMG_3668.jpg,P0161 (0.82) ピュアモンテ Dcure+ フェイスマスク レチノール,右側商品部分入鏡；價標與商品名部分可讀，税込 109円 | 稅込價格為109円；可見楽天市場NO.1標章
P0059,myO2,myO2 ウォーターコートシャンプー スリークモイスト 詰替,myO2 水潤包覆洗髮精 順滑保濕 補充包,其他,スリークモイスト / 細い髪・柔らかい髪の方へ,詰替 / 380mL / 12.84 fl.oz.,,64%OFF,64,399,1210,399,399,399,税抜価格399円、税込439円,緑色のLINE掲載商品ヘッダー、白地、大きな黒字価格、赤い64%OFF星形POP,LINE掲載商品の緑色ヘッダー付き価標,2,2,0.88,IMG_3735.jpg | IMG_3736.jpg,,中央の青紫パウチと価標が対応。背面にも同一商品の詰替が複数見える。 | 右側に青紫の詰替パウチが複数写っているが、この写真内では対応価標が明確でない。
P0060,wiwewo,100×100 全方位ケアマスク 大容量50枚,100×100 全方位護理面膜 大容量50片,面膜,紅色包裝 / Premium Facial Care,50枚入 / 50sheet / 50枚,50,86%OFF,86,499,3800,499,499,499,税込,白底紅色折扣區塊價標，黑色大字價格 / 白底價標，橘紅色折扣區塊，黑色大字價格,AENA風格價標，POP含AENA標誌 / AENA價標 / SNS投稿禁止POP,2,2,0.86,IMG_0181.jpg | IMG_3687.jpg,,價標顯示税込549円，主價格499円應為税抜或本體價格；照片中未明確標示税抜。包裝可見「100種類以上の美容成分」「生ナイアシンアミド・ビタミンC誘導体 100倍配合」。 | 同款商品多包陳列。包裝可見100種類以上美容成分、生ナイアシンアミド/生グルタチオール100倍配合等標示；價標上品牌為wiwewo。
P0061,BIORICA,premium EXOSOME agecare,高級外泌體熟齡護理面膜,面膜,紫色包裝 / EXOSOME agecare,30枚,30,82%OFF,82,499,549,499,499,499,不明,赤白價標，左側紅色OFF標示,AENA風格價標，POP含AENA標誌 / AENA / 赤白の割引価格タグ / SNS投稿禁止POP,2,2,0.78,IMG_0177.jpg | IMG_0181.jpg,,下層紫色商品局部可見，未拍到清楚價標與片數。 | 紫色包裝；標示ハリ肌集中
P0062,EVERYYOU,EVERYYOU レチノールフェイシャルマスク,EVERYYOU 視黃醇彈力對策面膜,面膜,レチノール / ENRICHED MOISTURE / 大人のハリ対策マスク,31 Sheets,31,53%OFF,53,699,1650,699,699,699,税抜,白底紅色折扣欄，黑色大字價格，下方税込價格,AENA / 紅白折扣價標 / AENA / 紅白折扣價標、綠白會員價標,2,2,0.82,IMG_3665.jpg | IMG_3666.jpg,P0067 (0.8) EVERYYOU レチノールシートアイマスク,價標顯示税込 769円；包裝可見 Made in Japan、レチノール、プロテオグリカン、プラセンタエキス | 右側商品部分入鏡；價標可見 699円、税込769円
P0063,Ansyante,アンシャンテ フェイスマスク 白玉グルタチオン,Enchanté 白玉穀胱甘肽臉部面膜,面膜,白玉グルタチオン / Vitamin C Derivatives × Glutathione,30枚,30,82%OFF,82,499,3080,499,499,499,税抜,白底價標，紅色折扣區塊，黑色大字價格,日本折扣型價標樣式（紅白價標、OFF表示）,2,2,0.82,IMG_3680.jpg | IMG_3684.jpg,,價標另顯示税込549円。包裝可見ビタミンC誘導体、グルタチオン、白玉美肌ケアパック等字樣。 | 價標顯示税込549円。包裝可見ビタミンC誘導体、グルタチオン、プラセンタエキス、コラーゲン、アルブチン等字樣。
P0064,THE STEM CELL,ステムセル iPS CELLS フェイスマスク,THE STEM CELL iPS細胞面膜,面膜,iPS CELLS,,,91%OFF,91,599,7480,599,599,599,税込,白底價標，紅色91%OFF區塊，大黑字特價 / 白底價標，紅底白字折扣，黑色大字價格,AENA 價標；SNS投稿禁止小卡 / 日本藥妝店風格白底紅色折扣價標,2,2,0.84,IMG_3632.jpg | IMG_3637.jpg,,税込價格為659円 | 價標下半部部分被裁切，但599円與税込659円可辨識
P0065,THE STEM CELL,ステムセル フェイシャルトリートメントマスク,THE STEM CELL 臉部護理面膜,面膜,フェイシャルトリートメント / 紅色包裝 / For Smooth Skin,,,91%OFF,91,599,7480,599,599,599,税込,白底價標，紅色91%OFF區塊，大黑字特價 / 白底黑字大價格，紅色折扣框,AENA 價標；SNS投稿禁止小卡 / 紅白特價價標樣式,2,2,0.82,IMG_3632.jpg | IMG_3638.jpg,,税込價格為659円；POP可見キメ / For Smooth Skin | 價標顯示税抜599円、税込659円；包裝可見 THE STEM CELL FACIAL TREATMENT MASK。枚數未清楚可讀。
P0066,EVERYYOU,大人の年齢肌対策マスク ナイアシンアミド,成人熟齡肌對策面膜 菸鹼醯胺,面膜,ナイアシンアミド,31枚,31,53%OFF,53,699,769,699,699,699,税抜,赤白價標，左側紅色OFF標示,AENA / 赤白の割引価格タグ / SNS投稿禁止POP,2,2,0.76,IMG_0176.jpg | IMG_0177.jpg,,價標顯示本體699円、税込769円 | 下排銀色包裝
P0067,EVERYYOU,EVERYYOU レチノールシートアイマスク,EVERYYOU 視黃醇片狀眼膜,眼膜,レチノール / 金色盒,120シート / 60組 / 約2か月分,120,42%OFF,42,699,1320,699,699,699,税抜,白底價標，紅色42%OFF區塊，黑色大字價格，底部紅條,日本藥妝店折扣價標樣式（紅色OFF標籤、白底價標）,2,2,0.88,IMG_0209.jpg | IMG_0210.jpg,P0062 (0.8) EVERYYOU レチノールフェイシャルマスク,價標顯示税込769円；盒身可見 RETINOL MANAZA-SHEET EYEMASK、ENRICHED MOISTURE、MADE IN JAPAN。 | 右側商品部分入鏡；價標顯示税込769円。
P0068,肌ラボ,肌ラボ 極潤 高保湿ケア 高機能オールインワン,肌研 極潤高保濕護理高機能多合一凝露,其他,金色包裝／高保湿ケア,,,18%OFF,18,899,1210,899,899,899,税込,綠色LINE掲載商品標頭，紅色星形18%OFF，白底黑字價格 / 綠色LINE掲載商品標頭，紅色折扣標示局部露出,LINE掲載商品の緑色棚札、赤い割引率表示の価格タグ,2,2,0.86,IMG_0221.jpg | IMG_0222.jpg,,價標顯示税込989円；商品為補充包型態，可見1品5役、4種のヒアルロン酸配合等文字。 | 右側商品與價標只部分入鏡，價格未完整可讀。
P0069,Re'senza,リセンザ Wステムセルエッセンス60ml,Re'senza W幹細胞精華液60ml,精華,W Stem cell essence / PREMIUM / W Stem cell essence,60ml,,80%OFF,80,1980,11000,1980,1980,1980,税抜,白底黑字大價格、紅色80%OFF標籤 / 白底紅色折扣框，大黑字價格，紅色底欄,白地紅底折扣價格標 / 日本店鋪紅白價標，標示%OFF與税込價格,2,2,0.9,IMG_0241.jpg | IMG_0242.jpg,,"税込価格は2,178円。包裝可見ヒト脂肪細胞順化培養液エキス、ヒト線維芽細胞順化培養液。 | 税込価格は2,178円。外盒可見 PREMIUM、ヒト脂肪細胞順化培養液エキス、ヒト線維芽細胞順化培養液。"
P0070,MDSKIN LABO,CICA Premium Care Mask,CICA Premium Care 積雪草高保濕面膜,面膜,CICA / Premium Care,30枚入,30,45%OFF,45,499,990,499,499,499,税込,白底紅色折扣條，黑色大字價格,AENA價標樣式 / 日本折扣型價標樣式（紅白價標、OFF表示）,2,2,0.88,IMG_3679.jpg | IMG_3680.jpg,,價標顯示税込549円；店內黃色告示寫SNS投稿禁止 | 下方商品僅局部可見，價標不屬於此商品或未完整拍到。
P0071,MILLE,バイオリフト プレミアム ハイドロ ローション,Bio Lift Premium Hydro 化妝水,化妝水,,,,82%OFF,82,899,5060,899,899,899,税抜,白底價標，紅色折扣框，黑色大字價格,日本藥妝店白底紅色OFF價標樣式,2,2,0.72,IMG_3720.jpg | IMG_3721.jpg,,下層價標可見，税込 989円。
P0072,BEAUTY COSME,AZELAIC ACID フェイスマスク,壬二酸面膜,面膜,AZELAIC ACID,30Sheets,30,88%OFF,88,399,439,399,399,399,税抜,赤白價標，左側紅色OFF標示,AENA / 赤白の割引価格タグ / SNS投稿禁止POP,2,2,0.76,IMG_0176.jpg | IMG_0177.jpg,,包裝可見「化粧水・乳液・美容液・パック 1枚4機能」 | 下排藍色包裝
P0073,CICA,MANAZA-SHEET EYEMASK,CICA 眼周用片狀眼膜,眼膜,目元用シートマスク,1日1セット,,,,,,,,,不明,,日本藥妝店紅白特價價標樣式,2,2,0.88,IMG_0251.jpg | IMG_0252.jpg,,右側綠色盒裝商品部分可見，價格未拍清楚。 | 右側綠色盒裝商品與部分價標可見，但價格與折扣數字未完整拍清楚。
P0074,SPIRA,SPIRA WHITE HARI MASK,SPIRA 白色彈力面膜,面膜,WHITE HARI MASK,30 SHEETS,30,,,,,,,,不明,,日本折扣型價標樣式（紅白價標、OFF表示） / AENA價標，黃色「SNS投稿禁止」POP,2,2,0.83,IMG_3681.jpg | IMG_3732.jpg,,下方左側盒裝商品僅部分可見，價標未完整拍到。 | 右側只拍到部分包裝，該商品價標未完整出現。
P0075,MILLE,MILLE 生ビタミンC美容液 30ml,MILLE 生維他命C美容液 30ml,精華,,30ml,,82%OFF,82,899,5500,899,899,899,税抜,白底價標，紅色折扣框，黑色大字價格，下方橘紅色條,紅色OFF折扣價標,2,2,0.88,IMG_3689.jpg | IMG_3690.jpg,,右側商品與價標只部分入鏡；價標顯示税込 989円。 | 包裝可見 Pure VitaminC；價標顯示税込 989円。
P0076,LINE,ベリーポップ ピュアビタミンC泡水プラス,Berry Pop 純維他命C泡水Plus,其他,,,,80%OFF,80,499,2750,499,499,499,税抜,綠色LINE揭載商品標示，橘紅色折扣圓標，黑色大字價格,日本藥妝店白底紅色OFF價標樣式,2,2,0.72,IMG_3720.jpg | IMG_3721.jpg,,價標顯示税込 549円。商品實物在下層部分可見。 | 下層價標可見，税込 549円。
P0077,THE STEM CELL,THE STEM CELL スキンローション,THE STEM CELL 幹細胞保濕化妝水,化妝水,,,,90%OFF,90,999,10700,999,999,999,税込,白底紅色折扣標，黑色大價格,日本店頭紅白折扣價標 / LINE 掲載商品 綠色標籤，日本店頭紅白折扣價標,2,2,0.82,IMG_3722.jpg | IMG_3723.jpg,,"價標顯示税込 1,099円；外盒可見高濃度、ヒト幹細胞培養液配合、保湿化粧水。 | 右側部分入鏡；價標可見 999円、税込 1,099円，但原價模糊。"
P0078,ancienne,アンシャンテ グルタチオン エッセンス,ancienne 穀胱甘肽精華液,精華,グルタチオン×ビタミンC誘導体,,,91%OFF,91,899,11000,899,899,899,税抜価格899円、税込989円,白底紅色折扣區塊，黑色大字價格,日本藥妝店紅白特價價標樣式,2,2,0.88,IMG_0251.jpg | IMG_0252.jpg,,"照片可見店頭測試品標籤「テスター お試しください」。原價標示為メーカー希望小売価格11,000円。 | 照片可見店頭測試品標籤「テスター お試しください」。"
P0079,PURE,リペアプロ エイジングパック 30枚入,Repair Pro 熟齡護理面膜 30片,面膜,EXOSOME / HUMAN STEM CELL CULTURE / 黑白包裝,30枚入 / 30枚,30,82%OFF,82,499,3080,499,499,499,税抜,白底紅色折扣標，黑色大字價格，右下標税込價,AENA價標・SNS投稿禁止POP / AENA 價標、SNS投稿禁止POP,2,2,0.86,IMG_3661.jpg | IMG_3662.jpg,,税込価格は549円。包裝上方日文框寫エイジングパック30枚，並列出多種美容成分。 | 左側商品部分可見，價格不可確認。
P0080,Fleuri,fleuri（フルリ）ブライトショット,Fleuri Bright Shot 精華,精華,ブライトショット,,,94%OFF,94,699,12100,699,699,699,税込,白底價標，紅色折扣框，底部橘色條；旁有藍色分類卡,AENA系の白底・赤割引價標,2,2,0.88,IMG_3699.jpg | IMG_3700.jpg,,稅込價格 769円；藍色分類卡寫「美容液」「ハリ」「つや」。 | 稅込價格 769円；藍色分類卡可見「美容液」「ハリ」「つや」。
P0081,matsukiyo,推しごと×サプリ PINK コラーゲン,推活×補充品 PINK 膠原蛋白,其他,PINK / コラーゲン,約3日分・6粒入,,,,29,540,29,29,29,税込,白底紅色折扣區塊價標，黑色大字價格,紅白價標，顯示參考小売価格與税込價格 / 紅白價標，顯示98%OFF與税込價格,2,2,0.82,IMG_0197.jpg | IMG_0198.jpg,,照片下方價標可見商品名與參考小売価格540円，税込31円；折扣百分比區塊被裁切，無法確認。 | 左側商品部分入鏡；價標部分可見，折扣文字被裁切無法確認。
P0082,Re'senza,リセンザ プレミアムPDRN美容液,Re'senza Premium PDRN 美容液,精華,PDRN / PREMIUM / 年齢肌用 エイジングケア / PDRN / 年齢肌用,,,80%OFF,80,1980,11000,1980,1980,1980,税抜,白底黑字大價格、紅色80%OFF標籤 / 白底紅色折扣框，大黑字價格，紅色底欄,白地紅底折扣價格標 / 日本店鋪紅白價標，標示%OFF與税込價格,2,2,0.9,IMG_0241.jpg | IMG_0242.jpg,,"税込価格は2,178円。包裝可見OILIN ENRICH SERUM PREMIUM、PDRN、DNA-Na。 | 税込価格は2,178円。外盒可見 OILIN ENRICH SERUM PREMIUM、PDRN、保湿成分 DNA-Na。"
P0083,Re'senza,リセンサ プラセンタ美容液60ml,Re'senza 胎盤素美容精華液60ml,精華,プラセンタ / 浸透集中ケア,60ml,,86%OFF,86,999,7678,999,999,999,税抜,白底紅色折扣框，大黑字價格，紅色底欄,日本店鋪紅白價標，標示%OFF與税込價格,2,2,0.84,IMG_0243.jpg | IMG_0244.jpg,,"税込価格は1,099円。外盒可見 educe blanc placenta essence、プラセンタ、美容液、浸透集中ケア。 | 税込価格は1,099円。外盒可見 educe blanc placenta essence。"
P0084,,AZELAIC ACID Daily,壬二酸每日面膜,面膜,冷感 / 白藍包裝,,,,,,,,,,不明,,AENA價標・SNS投稿禁止POP / AENA 價標,2,2,0.82,IMG_3661.jpg | IMG_3663.jpg,,下方商品僅部分入鏡，價格與完整品名不可辨識。 | 左側商品只拍到部分包裝，完整品名、片數與價格不可確認。
P0085,Dcure+,ピコモンテシートマスク 1枚 ビタミン,Pico Monte Dcure+ 維他命面膜,面膜,VITAMIN + Citrus / 黃色包裝,1枚,1,67%OFF,67,99,330,99,99,99,税込,白底紅色折扣標，黑色大字價格,AENA,2,2,0.9,IMG_3669.jpg | IMG_3670.jpg,,稅込價格為109円；商品右側部分被裁切；可見楽天市場NO.1標章 | 稅込價格為109円；可見楽天市場NO.1標章
P0086,ビコモング,ビタミン&グルタチオン シートマスク,維他命＆穀胱甘肽片狀面膜,面膜,Vitamin & Glutathione / デイリーケアに / Vitamin & Glutathione,10枚入 / 10枚,10,83%OFF,83,499,3300,499,499,499,税込,白底紅色折扣框，黑色大字價格,紅白折扣價標樣式,2,2,0.78,IMG_3672.jpg | IMG_3673.jpg,,包裝上另有『贅沢保湿』『透明感のある白玉肌へ』『毛穴・くすみ・キメ』等宣稱；價標税込549円。品牌讀取依價標為ビコモング。 | 右側商品局部可見；價標税込549円。
P0087,NMN,NMN プレミアムフェイスマスク,NMN 高級面膜,面膜,,,,87%OFF,87,899,7480,899,899,899,税抜,大型紅白黃特價POP，黃色大字價格，紅色邊框與爆炸貼紙 / 紅白特價牌，大黃字價格，左側黃色爆炸貼標,紅白黃特價POP,2,2,0.92,IMG_0200.jpg | IMG_3714.jpg,,"POP顯示899円，旁邊另標税込989円；原價為メーカー希望小売価格7,480税込円。包裝可見MADE IN JAPAN與成分列表，但枚數不可見。 | 價標顯示メーカー希望小売価格7,480円（税込）降至899円，税込989円。包裝底部可見 MADE IN JAPAN；入數不可辨識。"
P0088,ancienne,アンシャンテ ビタミンアイクリーム,ancienne 維他命眼霜,其他,ビタミン / 淺綠管,30g,,61%OFF,61,699,1980,699,699,699,税込,白底紅色折扣框、黑色大價格、底部紅條,日本店鋪紅白特價價標樣式,2,2,0.86,IMG_0204.jpg | IMG_0205.jpg,,價標顯示稅込769円；包裝可見レチノール、3種のビタミンC等成分字樣。右側另有ゆる圧美腹商品局部入鏡，但價格不完整，未列為商品。 | 右側同款商品與價標局部可見；價格與折扣可讀。
P0089,Dr:P+Medic,Dr:P+Medic ゲルアイパッチ,Dr:P+Medic 水凝膠眼膜,眼膜,LUNA PATCH / Hydrogel Eye Patch / LUNA PATCH / 金色盒,,,89%OFF,89,899,8800,899,899,899,税抜,白底紅色折扣框、大黑字價格、税込小字 / 白底價標，紅色89%OFF區塊，黑色大字價格，底部紅條,紅白價標樣式 / 日本藥妝店折扣價標樣式（紅色OFF標籤、白底價標）,2,2,0.86,IMG_0208.jpg | IMG_0209.jpg,,税込価格為989円；包裝可見LUNA PATCH Hydrogel Eye Patch | 價標顯示税込989円；商品盒可見 LUNA PATCH Hydrogel Eye Patch。右側部分被陳列牌遮擋。
P0090,NMN,NMN ホワイト オールインワンゲル,NMN 美白全效合一凝膠,其他,ホワイト,,,89%OFF,89,699,6930,699,699,699,税込,白底紅色折扣框、黑色大價格、紅色底欄,日本店頭紅白折扣價標樣式,2,2,0.8,IMG_0228.jpg | IMG_0229.jpg,P0026 (0.86) W. ホワイト オールインワンゲル,商品 POP 可見 NMN、ナイアシンアミド、β-WHITE、ビタミンC誘導体、白麹エキス。税込價格為 769円。
P0091,Re'senza,リセンサ プレミアムNMN美容液,Re'senza 高級NMN美容精華液,精華,NMN / 年齢肌用 / 年齢肌用,,,89%OFF,89,999,9900,999,999,999,税抜,白底紅色折扣框，大黑字價格，紅色底欄 / 白底價標，紅色折扣框，黑色大字價格，底部紅色條,日本店鋪紅白價標，標示%OFF與税込價格 / 日本藥妝店白底紅色折扣價標樣式,2,2,0.86,IMG_0244.jpg | IMG_0245.jpg,,"税込価格は1,099円。外盒可見 PREMIUM NMN、美容液、年齢肌用；容量未清楚可見。 | 税込價格為1,099円；包裝與POP可見NMN配合、エイジングケア。容量未清楚可見。"
P0092,BIORICA,プラセンタ＆レチノール美容液 02,胎盤素＆視黃醇美容液 02,精華,02,40ml,,63%OFF,63,699,2090,699,699,699,税込,白底紅色折扣框、黑色大字價格,日本藥妝店紅白折扣價標樣式,2,2,0.88,IMG_3701.jpg | IMG_3702.jpg,,商品本體部分可見粉色包裝與滴管瓶圖；價標顯示稅込769円。 | 包裝可見「ツヤめく、弾む、うるハリ肌」「朝晩使う美容液」「5つのフリー」等；稅込價格為769円。
P0093,EV,PDRN エッセンスクリーム 50g,PDRN 精華乳霜 50g,其他,,50g,,90%OFF,90,999,11000,999,999,999,税抜,白底價標，紅色折扣框，黑色大字價格，下方標示税込價,日本藥妝店白底紅色OFF價標樣式,2,2,0.72,IMG_3720.jpg | IMG_3721.jpg,P0235 (0.85) エッセンスクリーム 50g,"包裝可見 PDRN、Peptide Sodium Hyaluronate、CREAM、肌のハリ・弾力。税込 1,099円。 | 右側可見部分商品與價標，税込 1,099円。"
P0094,ancienne,アンシャンテ NMNアイクリーム,ancienne NMN眼霜,其他,NMN / 紅色管 / NMN / ナイアシンアミド / ヒト幹細胞培養液,30g,,61%OFF,61,699,1980,699,699,699,税込,白底紅色折扣框、黑色大價格、底部紅條 / 白底紅色折扣框、大黑字價格、税込小字,日本店鋪紅白特價價標樣式 / 紅白價標樣式,2,2,0.86,IMG_0205.jpg | IMG_0206.jpg,,價標顯示稅込769円；包裝可見NMN、ナイアシンアミド、ヒト幹細胞培養液等成分。 | 税込価格為769円；包裝寫年を重ねた肌に、うるおいをあたえる
P0095,ピコモンテ,ピコモンテ アイクリームビタミン,Pikomonte 維他命眼霜,眼膜,ビタミン配合 / 黄色チューブ,,,,,499,,499,499,499,税抜,白底紅色底欄、大黑字價格、税込小字 / 右側只拍到部分白底紅色價標,紅白價標樣式,2,2,0.82,IMG_0206.jpg | IMG_0207.jpg,,税込価格為549円；包裝可見高保湿エイジングケア、豆乳発酵液配合、ビタミン配合 | 右側商品與價標只部分入鏡，價格不可完整辨識
P0096,さよならイボリーナ,さよならイボリーナ ナイトパック,Sayonara Iborina 夜間護理霜／夜用包,其他,ナイトパック,和漢エキス配合,,,,999,,999,1099,999 | 1099,税込,"白底價標，紅色底線，大黑字價格 / 白底黑字棚札，稅抜大字999円，税込1,099円",日本折扣店風格白底紅色折扣價標,2,2,0.86,IMG_0212.jpg | IMG_0213.jpg,,"價標顯示税込 1,099円；包裝標示首・胸元のポツポツ、46種の和漢エキス配合 | 税抜価格は999円。包裝標示：首のポツポツなめらかに。"
P0097,EVERYYOU,CICA Daily Mask,CICA 每日面膜,面膜,CICA,31枚 / 31 sheets,31,53%OFF,53,699,769,699,699,699,税抜,赤白價標，左側紅色OFF標示 / 白底紅色折扣條，黑色大字價格,AENA / 赤白の割引価格タグ / SNS投稿禁止POP / AENA價標樣式,2,2,0.86,IMG_0177.jpg | IMG_3678.jpg,,右下綠色包裝，部分被截到 | 價標顯示税込769円；包裝可見日本製、all-in-one 1枚4役、Monde Selection 2025受賞/nominee相關標示
P0098,さよならイボリーナ,さよならイボリーナ 目元温和漢,Sayonara Iborina 眼周溫和漢方,眼膜,目元温和漢,25種の和漢エキス配合,,,,1099,,999,1099,999 | 1099,税込,"白底黑字棚札，稅抜大字999円，税込1,099円 / 白底價標，紅色底線，大黑字價格",日本折扣店風格白底紅色折扣價標,2,2,0.86,IMG_0213.jpg | IMG_0214.jpg,,"税抜価格は999円。包裝標示：気になる！目元のポツポツに。 | 右側紅色商品；價標顯示税込 1,099円"
P0099,キレイ＆コー,キレイ＆コー オールインワンゲル,Kirei & Co 全效合一凝膠,其他,,,,67%OFF,67,199,660,199,199,199,税込,白底紅色折扣框、黑色大價格、紅色底欄,日本店頭紅白折扣價標樣式,2,2,0.8,IMG_0228.jpg | IMG_0229.jpg,,價標可讀，商品本體未清楚入鏡。税込價格為 219円。 | 右側價標只拍到一部分，可辨識折扣與商品名，價格被裁切無法確認。
P0100,,スーパーダイヤモンド 保湿クリーム,Super Diamond 保濕乳霜,其他,ダイヤモンド保湿,,,88%OFF,88,1499,13200,1499,1499,1499,税抜,白底紅色折扣框，黑色大字價格,紅白折扣價標,2,2,0.75,IMG_3711.jpg | IMG_3712.jpg,,"右側金色圓罐，品牌文字不清楚。税込價格為1,649円。包裝可見ヒアルロン酸Na配合。 | 金色圓罐近拍但整體偏模糊，品牌文字無法確定。税込價格為1,649円。包裝可見ヒアルロン酸Na配合。"
P0101,オヤスミタンパク,オヤスミタンパク チャイ味,晚安蛋白 Chai 風味,其他,チャイ味,,,56%OFF,56,119,292,119,119,119,税抜,白底紅色折扣標籤，黑字大價格，另列税込價格 / 白底價標，紅色折扣框,白底紅線的大型折扣價標 / 紅白貨架價標,2,2,0.86,IMG_0190.jpg | IMG_0191.jpg,,税込價格為129円。包裝正面可見 BEAUTY PROTEIN、スパイス香る さっぱり。商品為蛋白飲/粉包，不是面膜。 | 右側商品與價格部分被裁切，實際售價無法完整辨識
P0102,玉三,黒豆・黒ごまアーモンドきな粉,黑豆黑芝麻杏仁黃豆粉,其他,黒豆・黒ごま・アーモンド / 牛乳・ヨーグルト,NET150g,,,,289,,289,289,289,税抜,白底紅色底線大型數字價標，另列税込價 / 右側棚札僅部分入鏡,紅白貨架價標,2,2,0.86,IMG_0191.jpg | IMG_0192.jpg,,税込312円；包裝可見『牛乳・ヨーグルトにまぜる』『国内産黒大豆使用』『毎日飲もう!!』『イソフラボン』 | 右側棚札商品名部分可見，價格被裁切無法確認
P0103,DHC,DHC オリーブバージンオイル,DHC 橄欖純粹美容油,其他,オリーブバージンオイル,7mL,,27%OFF,27,699,1048,699,699,699,税抜,白底價標，紅色折扣框，黑色大字價格，下方税込價 / 白底價標，紅色折扣框，黑色大字價格,日本店頭折扣價標；紅色OFF標示、税込價併記 / AENA風格價標,2,2,0.88,IMG_3694.jpg | IMG_3695.jpg,,税込價格為769円；包裝標示無香料・無着色・天然成分配合 | 税込價格為769円；外盒可見無香料・無着色・天然成分配合、ほんの1滴でもっちり弾力等文字
P0104,esorani,エソラニ 思いでオイル 01,esorani 回憶油 01,其他,01／藍色圖案 / 02／紅色圖案,,,80%OFF,80,599,3300,599,599,599,税込,白底價標，紅色折扣框，底部橘色條,AENA 價標、黃色「SNS投稿禁止」POP,1,2,0.82,IMG_3698.jpg,,稅込價格 659円；商品外盒下方可見「水草猫の雨ニラシャワ」字樣，可能為商品副標但部分模糊。 | 稅込價格 659円；商品外盒下方可見「花に包まれたら」字樣。右側另有ラネージュ商品部分入鏡但價標不完整。
P0105,EVERYYOU,ハリ対策マスク レチノール,彈力對策面膜 視黃醇,面膜,レチノール,31枚,31,53%OFF,53,699,769,699,699,699,税抜,赤白價標，左側紅色OFF標示,AENA / 赤白の割引価格タグ / SNS投稿禁止POP,2,2,0.76,IMG_0176.jpg | IMG_0177.jpg,,價標顯示本體699円、税込769円 | 下排金色包裝
P0106,BIORICA,ビオリカ クレイシャンプー,BIORICA 黏土洗髮精,其他,white floral & savon,360mL,,63%OFF,63,299,880,299,299,299,税抜,白底紅色折扣欄，黑色大字價格，另標税込價,紅白折扣價標樣式,2,2,0.86,IMG_3644.jpg | IMG_3645.jpg,,價標顯示税抜299円、税込329円；商品標示カラーダメージ補修、皮脂吸着でさらさら、クレイ配合シャンプー | 右側部分入鏡；價標僅部分可見，推定與相鄰ビオリカクレイシャンプー價標一致但完整商品容量在此張不可見
P0107,MILLE,MILLE セラム 美容液,MILLE 精華美容液,精華,,,,80%OFF,80,999,5500,999,999,999,税抜,白底價標，紅色折扣框，黑色大字價格，下方橘紅色條,紅色OFF折扣價標,2,2,0.9,IMG_3690.jpg | IMG_3691.jpg,,"右側水藍色盒裝商品；價標顯示税込 1,099円。 | 包裝可見 PDRN、hyalurone-serum；價標顯示税込 1,099円。"
P0108,VARI:HOPE,ピュアビタミンCクリーム,Pure Vitamin C 乳霜,其他,ベリーホップ,,,83%OFF,83,449,2980,449,449,449,税込,綠色LINE掲載商品POP，白底價標，紅色爆炸折扣標,LINE掲載商品の緑色POP風價標,2,2,0.84,IMG_3704.jpg | IMG_3705.jpg,,右側價標部分可見；税込價格為494円。 | 包裝可見しっとり水分＆エイジングケア；價標税込價格為494円。
P0109,旭研,ハイドロキノン パッチ,對苯二酚貼片,其他,,43枚入り,43,,,2090,0,2090,2090,2090,税込,白底棚札，黑色大字價格，括號內標示税込價格,日本店頭白底紅線價標 / LINE掲載商品 綠色標頭價標,2,2,0.92,IMG_0236.jpg | IMG_0237.jpg,,"棚札主價格為税抜1,900円，税込2,090円。商品包裝寫有「ハイドロキノン※がシートマスクになった!」「気になる所に貼るだけ!」「たっぷり43枚入り」。 | 右側僅部分拍到前一張同款貼片包裝，未完整看到對應價標。"
P0110,EV,EV PDRN 美容液,EV PDRN 美容精華液,精華,,30ml,,80%OFF,80,999,5500,999,999,999,税抜,白底價標，紅色折扣框，黑色大字價格,AENA風格價標,2,2,0.9,IMG_3695.jpg | IMG_3696.jpg,,"税込價格為1,099円；包裝寫日本製、年齢肌対策に、PDRN PolyDeoxyRiboNucleotide ESSENCE | 税込價格為1,099円；可見日本製、肌のハリや弾力"
P0111,GASI,S-1 乳液 200ml,S-1 乳液 200ml,乳液,高保湿、敏感肌の方もOK,200ml,,75%OFF,75,499,2178,499,499,499,税込,白底紅色折扣框、黑色大字價格,紅白折扣價標,2,2,0.8,IMG_3726.jpg | IMG_3727.jpg,,價標顯示税込549円；瓶身可見 Emulsion、Daily Aging Care。
P0112,GASI,S-1 クリーム 100g,S-1 面霜 100g,其他,高保湿、敏感肌の方もOK,100g,,80%OFF,80,599,3278,599,599,599,税込,白底紅色折扣框、黑色大字價格 / 白底紅色 80%OFF 標示、黑色大字價格,紅白折扣價標,2,2,0.82,IMG_3727.jpg | IMG_3728.jpg,,"價標顯示税込659円；罐身可見 Cream、GASI。 | 價標顯示參考小売価格 3,278円、599円、税込 659円。商品貼紙可見「乾燥肌の方もOK」「長保湿 クリーム」。"
P0113,ガラクト,タワミンローション,Tawamin 化妝水,化妝水,,150ml,,80%OFF,80,999,5060,999,999,999,税抜,白底價標，紅色折扣框，黑色大字價格,日本藥妝店白底紅色OFF價標樣式,2,2,0.72,IMG_3720.jpg | IMG_3721.jpg,,"下層價標可見，税込 1,099円。商品名可能因照片模糊有誤。"
P0114,FANCL,カロリミット,Calolimit 控糖控脂吸收錠,其他,ヘルスサイエンス / 丸型タブレット,40+4回分,,10%増量,,2052,,2052,2052,2052,税込,商品本体に白地赤枠の価格シール / 商品正面に白地赤枠の税込価格シール,LINE掲載商品,2,2,0.88,IMG_0186.jpg | IMG_0187.jpg,P0242 (0.8) 大人のカロリミット,右側に一部のみ写っている緑色パッケージ。商品名・容量は一部欠けている。 | 機能性表示食品。価格シールは税込2052と読める。10%増量は値引きではなく増量表示。
P0115,DERMA ISM 100 / Make.iN,DERMA ISM 100 VitaminC300 nano capsules 10Days FACE MASK,DERMA ISM 100 維他命C300 奈米膠囊10日面膜,面膜,Vitamin C300 / nano capsules,10枚入り,10,64%OFF,64,499,1540,499,499,499,税込,白底紅色折扣框，黑色大字價格,紅白價標，折扣標示為「%OFF」,1,1,0.82,IMG_3674.jpg,,包裝標示キメ・ハリ・透明感、高浸透×高持続、3つのビタミンC誘導体；税込價格為549円
P0116,,HYALURONIC ACID + COLLAGEN SHEET MASK SPECIAL SKIN CARE,玻尿酸＋膠原蛋白片狀面膜,面膜,藍色小包裝,1枚,1,,,,,,,,不明,,AENA 價標樣式,1,1,0.84,IMG_3664.jpg,,下方商品部分可見，價格不可確認。
P0117,不明,EXOSOME HUMAN STEM CELL CULTURE Repair pro aging pack,外泌體人幹細胞培養修護熟齡護理面膜,面膜,EXOSOME / HUMAN STEM CELL CULTURE,30枚入,30,82%OFF,82,499,549,499,499,499,税抜,赤白價標，左側紅色OFF標示,AENA / 赤白の割引価格タグ / SNS投稿禁止POP,1,1,0.76,IMG_0177.jpg,,黑銀包裝；價標商品名部分可見
P0118,ancienne,ancienne VitaminC Derivatives × Glutathione,ancienne 維他命C衍生物 × 穀胱甘肽精華液,精華,VitaminC Derivatives × Glutathione,,,91%OFF,91,,,,,,不明,白底紅色91%OFF標籤部分可見,日本藥妝店白底紅色折扣價標樣式,1,1,0.8,IMG_0250.jpg,,右側商品價標被裁切，僅能確認91%OFF，價格與原價不可辨識。瓶身有橘色テスター貼紙。
P0119,PLATINUM LABEL,PLATINUM LABEL GRACEAGE WRINKLE WHITE アイクリーム,白金標籤 Graceage 抗皺美白眼霜,其他,ホワイトニングリンクルアイクリーム,30g,,78%OFF,78,999,4950,999,999,999,税込,白底價標，紅色折扣框，大黑字價格,日本折扣店風格白底紅色折扣價標,1,1,0.84,IMG_0214.jpg,P0030 (0.87) PLATINUM LABEL GRACEAGE WRINKLE WHITE ホワイトニング リンクル アイクリーム,"價標顯示税込 1,099円；包裝與POP標示シワ改善、シミ対策、さらに美白の透明感、医薬部外品"
P0120,THE STEM CELL,THE STEM CELL RETINOL&VITAMIN ESSENCE MASK,THE STEM CELL 視黃醇&維他命精華面膜,面膜,RETINOL&VITAMIN,美容液まるごと12分,,91%OFF,91,599,7480,599,599,599,税込,紅白大型特價POP，黃色鋸齒狀91%OFF標示，大字黃色價格,日本店鋪紅白特價POP，黃色爆炸貼91%OFF,1,1,0.86,IMG_3647.jpg,,POP上方寫「ステムセル iPS CELLS フェイスマスク」。包裝正面可見「RETINOL&VITAMIN ESSENCE MASK」。張數未清楚顯示；12分是敷用時間，不是片數。
P0121,THE STEM CELL,THE STEM CELL SHIRATAMA SUHADA ESSENCE MASK,THE STEM CELL 白玉素肌精華面膜,面膜,白玉素肌,12枚分,,91%OFF,91,599,7480,599,599,599,税込,白底貨架價標，紅色91%OFF，黑色大字價格,日本店鋪折扣價標，白底價牌搭配紅色OFF標示,1,1,0.82,IMG_3653.jpg,,"價標顯示メーカー希望小売価格 7,480円，特價599円，税込659円。包裝小卡顯示美容液12枚分，未見實際枚數。"
P0122,DERMA ISM 100,HARI SPICULE+ Human Stem Cells ALL IN ONE GEL,HARI 微針＋人幹細胞全效合一凝膠,其他,,,,71%OFF,71,699,2980,699,699,699,税込,白底紅色折扣框、黑色大價格、紅色底欄,日本店頭紅白折扣價標樣式,1,1,0.82,IMG_0227.jpg,,價標顯示税込 769円。商品標示含 HARI、2種のヒト幹細胞順化培養液、CICA、EGF・FGF、5種のセラミド、ナノカプセルテクノロジー。商品名價標部分可見為 HARIスピキュール オールインワン。
P0123,不明,Vitamins! Glutathione Premium Sheet mask,維他命穀胱甘肽高級片狀面膜,面膜,Glutathione,,,83%OFF,83,499,549,499,499,499,税抜,赤白價標，左側紅色OFF標示,AENA / 赤白の割引価格タグ / SNS投稿禁止POP,1,1,0.72,IMG_0176.jpg,,黃色包裝
P0124,EXOSOME SCIENCE,EXOSOME SCIENCE NEW STEM CELL EYE SHEET,EXOSOME SCIENCE 新幹細胞眼膜,眼膜,白,60sheets,60,90%OFF,90,799,8800,799,799,799,税込,白底紅色折扣框、黑色大價格、底部紅條,日本店鋪紅白特價價標樣式,1,1,0.9,IMG_0203.jpg,,"價標顯示稅込879円；原價標示為メーカー希望小売価格8,800円。"
P0125,pdc,Pure Natural Premium バランシング エッセンスローション,Pure Natural Premium 平衡精華化妝水／乳液,化妝水,肌荒れ・ニキビ予防／毛穴ケア,,,,,1320,,1320,1320,1320,税込,"緑色のLINE掲載商品棚札。税抜1,200円、税込1,320円。",LINE 掲載商品 綠色標籤,1,1,0.84,IMG_3724.jpg,,"商品箱には「化粧水 乳液」とあり、棚札の税抜価格は1,200円。"
P0126,CNP Laboratory,CNP Laboratory PROPOLIS AMPULE MASK,CNP蜂膠安瓶面膜,面膜,PROPOLIS,,,37%OFF,37,169,186,169,169,169,税抜,赤白價標，左側紅色OFF標示,AENA / 赤白の割引価格タグ / SNS投稿禁止POP,1,1,0.72,IMG_0176.jpg,P0135 (0.81) CNP Laboratory VITA-B AMPULE MASK,白色單片包裝
P0127,VITAme,VITAMe THE WHITE face mask VC100&GSH,VITAMe THE WHITE 臉部面膜 VC100&GSH,面膜,VC100&GSH,50枚入,50,84%OFF,84,649,4400,649,649,649,税込,紅白大型特價POP，黃色爆炸貼84%OFF,,1,1,0.86,IMG_0184.jpg,,POP顯示税込714円；商品包裝可見ビタミンC誘導体、白玉グルタチオン配合、透明感UP、毛穴ひきしめ。
P0128,ACROPASS,ACROPASS RETINOL MICRONEEDLE PATCH,ACROPASS 視黃醇微針貼,眼膜,RETINOL／MICRONEEDLE PATCH,1セット,,11%OFF,11,799,990,799,799,799,税抜,白底紅色折扣框，黑色大字價格,日本藥妝店紅白折扣價標樣式,1,1,0.88,IMG_0217.jpg,,税込価格は879円。包裝可見RETINOL、レチノール、SODIUM HYALURONATE字樣；片數未清楚標示。
P0129,EXOSOME SCIENCE,EXOSOME SCIENCE WHITE MOIST ESSENCE,外泌體科學 白色保濕精華液,精華,WHITE MOIST,,,90%OFF,90,999,10780,999,999,999,税抜,白底紅色90%OFF標籤，黑色大字價格，右側標示税込價格,日本藥妝店白底紅色折扣價標樣式,1,1,0.78,IMG_0248.jpg,,"税込價格為1,099円；商品包裝上方POP可讀到先進美容相關說明。"
P0130,,VITAMIN SHEET MASK SPECIAL SKIN CARE,維他命片狀面膜,面膜,VITAMIN+Citrus / 黃色小包裝,1枚,1,,,,,,,,不明,,AENA 價標樣式,1,1,0.84,IMG_3664.jpg,,下方商品部分可見，價格不可確認。
P0131,i-SAMU,Veganior VC-100 FACE MASK Premium 10P,Veganior VC-100 高滲透維他命C面膜,面膜,VC-100,10P,10,67%OFF,67,499,1650,499,499,499,税込,白底紅色折扣條，黑色大字價格,AENA價標樣式,1,1,0.82,IMG_3677.jpg,,價標顯示税込549円；包裝貼紙可見『集中保濕ケア』『高浸透ビタミンC誘導体』
P0132,THE STEM CELL,THE STEM CELL iPS CELLS ESSENCE MASK,STEM CELL iPS 細胞精華面膜,面膜,iPS CELLS,,,,,,,,,,不明,,日本藥妝店風格白底紅色折扣價標,1,1,0.82,IMG_3636.jpg,,右側紫色包裝可見，但對應價標未完整入鏡
P0133,不明,RETINOL VITAMIN Premium Care Mask,視黃醇維他命高級護理面膜,面膜,RETINOL VITAMIN,50枚入,50,77%OFF,77,699,769,699,699,699,税抜,赤白價標，左側紅色OFF標示,AENA / 赤白の割引価格タグ / SNS投稿禁止POP,1,1,0.76,IMG_0177.jpg,P0139 (0.82) RETINOL VITAMIN Daily Care Mask,上排虹彩粉色包裝；包裝可見「1枚で4役」「毛穴肌に集中ケア!」
P0134,ancienne Vitalize,ancienne Vitalize Moisture Cream,ancienne Vitalize 保濕霜,其他,,,,91%OFF,91,899,11000,899,899,899,税抜,白底紅色折扣框、黑色大字價格、橘色底部條,紅白特價牌，91%OFF 樣式,1,1,0.82,IMG_3718.jpg,,商品與價標顯示為アンシャンテ ヴィタライズクリーム；包裝可見W幹細胞美容液×エクソソーム、プレミアムエイジケア、トリプルヒアルロン酸等字樣
P0135,CNP Laboratory,CNP Laboratory VITA-B AMPULE MASK,CNP維他命B安瓶面膜,面膜,VITA-B,,,37%OFF,37,169,186,169,169,169,税抜,赤白價標，左側紅色OFF標示,AENA / 赤白の割引価格タグ / SNS投稿禁止POP,1,1,0.72,IMG_0176.jpg,P0126 (0.81) CNP Laboratory PROPOLIS AMPULE MASK,紅色單片包裝
P0136,RepairPro,リペアプロ プロテクトフェイスパック CICA / RETINOL,RepairPro CICA / 視黃醇防護面膜,面膜,CICA / RETINOL,30枚,30,82%OFF,82,499,3080,499,499,499,税抜,白底價標，紅色折扣區塊，黑色大字價格,日本折扣型價標樣式（紅白價標、OFF表示）,1,1,0.78,IMG_3681.jpg,,價標另顯示税込549円。包裝上可見 Repair pro protect pack、CICA / RETINOL。
P0137,VITAme,VITAMe THE KEANA face mask VC200,VITAMe 毛孔護理臉部面膜 VC200,面膜,VC200,50枚入,50,,,,,,,,不明,,,1,1,0.86,IMG_0184.jpg,,下方金色包裝商品只拍到部分包裝，價格未清楚入鏡。可見高濃度ビタミンC誘導体配合、3種のビタミンC誘導体、毛穴ひきしめ集中アプローチ。
P0138,THE STEM CELL,THE STEM CELL レチノール＆ビタミン フェイスマスク,THE STEM CELL 視黃醇＆維他命精華面膜,面膜,レチノール＆ビタミン / 光沢感,12本分,,91%OFF,91,599,7480,599,599,599,税込,白底紅框，紅色價格區塊，黃色大字，黃色放射狀91%OFF標示,紅白黃大字折扣價標,1,1,0.86,IMG_3641.jpg,,包裝貼紙顯示美容液12本分；價標顯示税込659円。sheet_count無法從照片確認。
P0139,不明,RETINOL VITAMIN Daily Care Mask,視黃醇維他命日常護理面膜,面膜,,大容量 50枚入,50,,,,,,,,不明,,,1,1,0.88,IMG_3658.jpg,P0133 (0.82) RETINOL VITAMIN Premium Care Mask,左側商品部分可見，未見價格標籤。
P0140,Re'senza,Re'senza VC100 プレミアム オールインワンジェル,Re'senza VC100 高級多合一凝露,其他,オレンジ箱／VC100,100g 3.5oz,,83%OFF,83,1499,9900,1499,1499,1499,税込,白底價標，紅色83%OFF區塊，黑色大價格,赤い割引率表示の価格タグ、LINE掲載商品タグが一部可見,1,1,0.8,IMG_0223.jpg,,"商品盒上可見毛穴集中ケア、エステ級品質；税込価格1,649円。"
P0141,Re'senza,Re'senza ENRICH PDRN オールインワンジェル,Re'senza 高效 PDRN 全效合一凝膠,其他,,,,81%OFF,81,1899,11000,1899,1899,1899,税込,白底紅色折扣框、黑色大價格、紅色底欄,日本店頭紅白折扣價標樣式,1,1,0.82,IMG_0227.jpg,,"右側紅盒商品部分模糊，但價標與包裝可讀為 Re'senza Premium PDRN オールインワンジェル。税込價格為 2,089円。"
P0142,,TEATREE MOISTURE ESSENCE MASK,茶樹保濕精華面膜,面膜,ティーツリー / 綠色包裝,,,,,,,,,,不明,,日本折扣型價標樣式（紅白價標、OFF表示）,1,1,0.78,IMG_3681.jpg,,右側商品僅部分入鏡，價格標籤未完整顯示。
P0143,W stem,W stem REVIVAL Moisture Lotion,W stem REVIVAL 保濕化妝水,化妝水,,,,91%OFF,91,899,11000,899,899,899,税抜,白底紅色折扣框、黑色大字價格、橘色底部條,紅白特價牌，91%OFF 樣式,1,1,0.86,IMG_3717.jpg,,價標另標示税込989円；部分商品貼有テスター貼紙；包裝可見保湿整肌、ヒト幹細胞エキス配合、トリプルヒアルロン酸配合等字樣
P0144,VITAme,VITAme PDRN&EXOSOMEフェイスマスク,VITAme PDRN＆外泌體面膜,面膜,PDRN＋エクソソーム配合 / オールインワンタイプ,50枚入り,50,85%OFF,85,599,4400,599,599,599,税込,紅白大型特價POP，黃色大字價格與黃色爆炸形85%OFF,紅白特価POP，黃色爆炸貼85%OFF,1,1,0.9,IMG_3654.jpg,,POP顯示税抜599円、税込659円。商品包裝可見MADE IN JAPAN、透明感UP、毎日のメイク前にも。
P0145,QUALITY 1st,THE DERMA VC100 / ザ・ダーマVC100 毛穴ケア,THE DERMA VC100 毛孔護理面膜,面膜,VC100 毛穴ケア,7枚入り,7,,,,,,,,不明,,,1,1,0.86,IMG_3657.jpg,,照片中可見商品包裝與商品POP資訊，但未見貨架價標、税込/税抜標示或折扣貼紙。
P0146,MDSKIN LABO,MDSKIN LABO VC-100 プレミアムケアマスク,MDSKIN LABO VC-100 高級護理面膜,面膜,VC-100 Vitamin / All in One / Premium Care Mask,30Sheets,30,45%OFF,45,499,990,499,499,499,税込,白底紅色折扣欄，黑色大字價格，AENA貨架價標,AENA 價標、SNS投稿禁止POP,1,1,0.86,IMG_3662.jpg,,包裝可見 Made in Japan、5つの無添加、3種の高濃度レタミンC誘導体配合、毛穴ケア。税込價格為549円。
P0147,EVERYYOU,EVERYYOU ナイアシンアミドフェイシャルマスク,EVERYYOU 菸鹼醯胺年齡肌對策面膜,面膜,ナイアシンアミド / ENRICHED MOISTURE / 大人の年齢肌対策マスク,31 Sheets,31,53%OFF,53,699,1650,699,699,699,税抜,白底紅色折扣欄，黑色大字價格，下方税込價格,AENA / 紅白折扣價標、綠白會員價標,1,1,0.82,IMG_3666.jpg,P0052 (0.83) EVERYYOU ナイアシンアミドシートアイマスク,價標顯示税込 769円；包裝可見 ナイアシンアミド、プラセンタエキス、セラミド
P0148,pdc,ピュアナチュラル プレミアム ブライトニング エッセンス,Pure Natural Premium 美白精華,精華,美白有効成分ナイアシンアミド、低刺激,,,,,1300,,1300,1300,1300,税抜,綠色 LINE掲載商品價標，白底黑字大價格,LINE掲載商品、会員様ならこの価格！の緑色價標,1,1,0.82,IMG_3707.jpg,P0050 (0.86) ピュアナチュラル プレミアム ブライトニング ローション,"價標顯示税抜1,300円、税込1,430円。外盒可見美容液＋クリーム、医薬部外品。左側另有クリーム50g 899円價標但商品被裁切，未列入產品。"
P0149,W stem,W stem REVIVAL Moisture Cream,W stem REVIVAL 保濕乳霜,其他,,,,91%OFF,91,899,11000,899,899,899,税抜,白底紅色折扣框、黑色大字價格、橘色底部條,紅白特價牌，91%OFF 樣式,1,1,0.86,IMG_3716.jpg,,價標另標示税込989円；商品包裝可見ヒト幹細胞エキス配合、W幹細胞エキス、EGF、3種ヒアルロン酸等字樣
P0150,QUALITY 1st,THE DERMA MASK GALACTOMYCES,THE DERMA MASK 半乳糖酵母面膜,面膜,くすみ・毛穴ケア / ザ・ダーマ ガラクトミセス,7枚入り,7,,,,,,,,不明,,,1,1,0.86,IMG_3656.jpg,,照片中未看到對應棚札、價標、税込/税抜價格或折扣貼紙。商品正面 POP 僅有 New、3分ケア、成分訴求與 7枚入り。
P0151,AGING CARE,EVERYDAY SERUM-FIT FACE MASK,每日精華貼合面膜,面膜,紅色包裝,20 Sheets,20,,,,,,,,不明,,AENA 價標,1,1,0.82,IMG_3663.jpg,,右下角商品部分可見，價格不可確認。
P0152,myO2,myO2 ウォーターコート トリートメント スリークモイスト 本体,myO2 水潤包覆護髮素 順滑保濕 本體,其他,スリークモイスト / うるおい・サラサラ / 普通から細髪,450g / 15.87 oz.,,64%OFF,64,499,1540,499,499,499,税抜価格499円、税込549円,緑色のLINE掲載商品ヘッダー、白地、大きな黒字価格、赤い64%OFF星形POP,LINE掲載商品の緑色ヘッダー付き価標,1,1,0.92,IMG_3734.jpg,,ボトルにTreatment、WATER COAT TREATMENT SLEEK MOIST、毛先まるん髪、48時間持続などの表示あり。
P0153,Re'senza,リセンザ VC100プレミアムオールインワンジェル,Re'senza VC100 高級全效凝膠,其他,オレンジ / VC100 / APPS・VCエチル・ヒト脂肪細胞順化培養液エキス・ナイアシンアミド,100g 3.5 oz.,,83%OFF,83,1499,9900,1499,1499,1499,不明,白底價標，紅色折扣框，黑色大字價格,日本店頭の赤い割引率入り価格タグ,1,1,0.78,IMG_0224.jpg,P0156 (0.8) リセンザ プレミアム PDRN オールインワンジェル,照片下緣價標被裁切，税込価格不可完整確認。商品箱に毛穴集中ケア、エステ専売品の記載あり。
P0154,Make.iN,メイクイン VitaminC300 フェイスパック,Make.iN 維他命C300 面膜,面膜,Vitamin C 300 nano capsules / 10Days FACE MASK,10枚,10,64%OFF,64,499,1540,499,499,499,税込,白底紅色折扣框，黑色大字價格,紅白折扣價標樣式,1,1,0.74,IMG_3673.jpg,,包裝可見『キメ・ハリ・透明感』『3つのビタミンC誘導体』；價標税込549円。
P0155,QUALITY 1st,クオリティーファースト ザ・ダーマ ガラクトミセス 30枚入,Quality 1st The Derma 半乳糖酵母面膜 30片,面膜,くすみ・毛穴ケア / ガラクトミセス,30枚入,30,27%OFF,27,1199,1815,1199,1199,1199,税込,白底價標、綠色 LINE 掲載商品條、紅色爆炸形 27%OFF,LINE 掲載商品,1,1,0.9,IMG_3729.jpg,,"價標顯示メーカー希望小売価格 1,815円、1,199円，税込 1,319円。包裝可見「3分ケア」「50冠受賞」「最高濃度ガラクトミセス」「4%ナイアシンアミド」「アミノ酸11種類」。"
P0156,Re'senza,リセンザ プレミアム PDRN オールインワンジェル,Re'senza 高級 PDRN 全效凝膠,其他,赤 / PDRN / サーモン由来成分,80g 2.8 oz.,,81%OFF,81,1899,11000,1899,1899,1899,税込,白底價標，紅色折扣框，黑色大字價格,日本店頭の赤い割引率入り価格タグ,1,1,0.82,IMG_0226.jpg,P0153 (0.8) リセンザ VC100プレミアムオールインワンジェル,"税込価格は2,089円。商品箱に年齢肌用エイジングケア、エステ専売品の記載あり。"
P0157,THE STEM CELL,THE STEM CELL NMN FACE MASK,THE STEM CELL NMN 面膜,面膜,NMN / 紫色包裝 / エイジングケア,30枚入,30,91%OFF,91,599,7480,599,599,599,税抜,白底電子價標風格，紅色91%OFF標示，大黑字價格，另有税込659円,,1,1,0.88,IMG_3650.jpg,,價標顯示税抜599円、税込659円。POP寫エイジングケア / For Anti-Aging / 抗衰老。
P0158,QUALITY 1st,クオリティーファースト ザ・ダーマ センシティブ 7枚SP,QUALITY 1st The Derma 敏感肌面膜 7枚SP,面膜,ザ・ダーマ センシティブ,7枚SP,7,30%OFF,30,329,517,329,329,329,税込,紅白大型特價POP，黃色大字價格與黃色爆炸形30%OFF,紅白特価POP，黃色爆炸貼30%OFF,1,1,0.78,IMG_3655.jpg,,POP手寫補充（各種）。商品包裝可見ザ・ダーマ ガラクトミセス字樣，價標品名為ザダーマセンシティブ7枚SP，可能為同系列不同款混放。
P0159,QUALITY 1st,QUALITY 1st THE DERMA MASK,Quality 1st Derma 保濕面膜,面膜,粉色包裝／高保湿,7枚入り,7,,,,,,,,不明,,,1,1,0.86,IMG_3656.jpg,P0053 (0.8) QUALITY 1st THE DERMA VC100,未拍到價標。可見訴求包含6種類のセラミド、4%ナイアシンアミド、高濃度ガラクトミセス。
P0160,ワンデビジン / 1 DE BIJIN,ワンデビジン ハリ艶うるおいフェイスマスク 45,One de Bijin 彈潤光澤保濕面膜 45片,面膜,コラーゲン / 無香料,45枚入り,45,,,1180,,1180,1180,1180,税抜,綠白會員價標，黑色大字價格,AENA風の赤白割引價標、綠白會員價標,1,1,0.82,IMG_3660.jpg,,"價標顯示會員様ならこの価格。税込価格は1,298円。包裝可見「毎日の極上エステ 1枚4役」。"
P0161,Dcure+,ピュアモンテ Dcure+ フェイスマスク レチノール,Pure Monte Dcure+ 視黃醇面膜,面膜,RETINOL / レチノール,,,67%OFF,67,99,330,99,99,99,税抜,白底紅色折扣欄，黑色大字價格，下方税込價格,紅白折扣價標,1,1,0.9,IMG_3667.jpg,P0058 (0.82) ピュアモンテ Dcure+ フェイスマスク CICA,價標顯示税込 109円；包裝可見 しっかり保湿、レチノール配合、肌のキメを整える；片數未清楚標示
P0162,N organic,N organic バランシング エッセンスミルク,N organic 平衡精華乳,乳液,,,,48%OFF,48,2999,6380,2999,2999,2999,税抜,白底價標，紅色折扣框，黑色大字價格，下方橘紅色條,紅色OFF折扣價標,1,1,0.86,IMG_3689.jpg,,"價標顯示税込 3,299円；包裝正面可見 Balancing。"
P0163,QUALITY 1st,クオリティーファースト ザ・ダーマ VC100 30枚SP,Quality 1st The Derma VC100 毛孔護理面膜 30片,面膜,毛穴ケア / VC100,30枚入,30,27%OFF,27,1199,1816,1199,1199,1199,税込,白底價標、綠色 LINE 掲載商品條、紅色爆炸形 27%OFF,LINE 掲載商品,1,1,0.88,IMG_3730.jpg,,"價標顯示メーカー希望小売価格 1,816円、1,199円，税込 1,319円。包裝可見「4種類のビタミンC」「4%ナイアシンアミド」「最高濃度ガラクトミセス」。"
P0164,myO2,myO2 ウォーターコートシャンプー ディープモイスト 本体,myO2 水膜洗髮精 深層保濕 本體,其他,ディープモイスト,450mL,,64%OFF,64,499,1540,499,499,499,税抜,綠色標頭、白底、橘色星形折扣圖案、黑色大字價格,緑白價標，LINE掲載商品,1,1,0.9,IMG_3733.jpg,,價標另標税込 549円；商品為洗髮精，非面膜。
P0165,i-SAMU,Veganior BAKUCHIOL CICA,Veganior 補骨脂酚 CICA 面膜,面膜,BAKUCHIOL CICA,,,67%OFF,67,499,549,499,499,499,税抜,赤白價標，左側紅色OFF標示,AENA / 赤白の割引価格タグ / SNS投稿禁止POP,1,1,0.72,IMG_0176.jpg,,銀色包裝；價標顯示税込549円
P0166,CAPITOLO,NMN＆ナイアシンアミド オールインワンジェル,NMN與菸鹼醯胺全效凝膠,其他,ぷるんと弾力素肌へ,1000g,,90%OFF,90,899,8800,899,899,899,税抜,白底紅色折扣框、黑色大價格、下方税込小字,紅白折扣價標樣式,1,1,0.86,IMG_0235.jpg,,"税込価格為989円。原價標示可讀為8,800円。"
P0167,SPIRA,SPIRA WHITE HARI フェイスマスク,SPIRA 白色微針面膜,面膜,WHITE HARI MASK,30枚,30,80%OFF,80,999,5500,999,999,999,税抜,白底紅色折扣區塊，黑色大字價格,AENA風格紅白折扣價標,1,1,0.87,IMG_3731.jpg,,"價標另標税込 1,099円；包裝可見 Spicure Face Mask、マイクロニードル「スピキュール」相關文字。"
P0168,肌ラボ,肌ラボ 極潤 薬用美白パーフェクトゲル つめかえ,肌研極潤藥用美白完美凝露補充包,其他,つめかえ / 薬用美白,,,18%OFF,18,899,1210,899,899,899,税抜・税込併記,白底紅色折扣框、黑色大字價格,紅白折扣價標樣式,1,1,0.82,IMG_0220.jpg,,價標顯示税抜899円、税込989円；包裝可見『1品5役』與『シミ対策』。容量未拍清楚。
P0169,NATURE REPUBLIC,パーフェクトバランシング ビタミンゼリーマスク,完美平衡維他命果凍面膜,面膜,ビタミンC＆誘導体＋レチノール＆ナイアシンアミド,7枚入り,7,63%OFF,63,299,880,299,299,299,税込,白底紅色折扣框、黑色大字價格,日本藥妝店紅白折扣價標樣式,1,1,0.9,IMG_3703.jpg,,包裝可見 Vitamin C、Retinol、Niacinamide、Galactomyces；價標顯示稅込329円。
P0170,DE BIJIN,和漢うるおい成分 コラーゲン フェイスマスク,和漢保濕成分膠原蛋白面膜,面膜,コラーゲン,45枚入り,45,,,1180,1298,1180,1180,1180,税抜,白色價標，價格大字黑字,AENA / 赤白の割引価格タグ / SNS投稿禁止POP,1,1,0.76,IMG_0177.jpg,,"價標未見OFF比例；顯示税込1,298円"
P0171,Asahi,LaLafem シトラスミックス（30日分）,LaLafem 柑橘綜合口味 30日份,其他,シトラスミックスの香り,30日分,,50%OFF,50,999,2160,999,999,999,税込,白底價標、紅色50%OFF區塊、黑色大字價格,白底紅色折扣價標,1,1,0.9,IMG_0195.jpg,,包裝可見大豆イソフラボン25mg、乳酸菌CP2305 100億個、カルシウム、ビタミンB2、ビタミンC、ビタミンD。價標税込1079円。
P0172,EXOSOME SCIENCE,THE EXOSOME EYE SHEET 黒,THE EXOSOME 眼膜 黑色,眼膜,黒,60sheets,60,90%OFF,90,799,8800,799,799,799,税抜,白底紅色折扣欄貨架小價標，黑色大字價格，底部紅色條碼區,紅白貨架價標,1,1,0.94,IMG_0202.jpg,,"價標顯示799円，另標税込879円；メーカー希望小売価格8,800円。"
P0173,FOOT GOOD,FOOT GOOD PEELING PACK,FOOT GOOD 足部去角質足膜,其他,フットグッド,,,,,,,,,,不明,右側價標部分入鏡，價格與折扣不完整,紅白折扣價標樣式,1,1,0.82,IMG_0220.jpg,,僅右側盒裝部分可見，價標被裁切，無法確認價格。
P0174,Re'senza,リセンサ VC100プレミアムエッセンス,Re'senza VC100 高級精華液,精華,VC100,60ml,,89%OFF,89,999,9900,999,999,999,税込,白底價標，紅色折扣框，黑色大字價格，底部紅色條,日本藥妝店白底紅色折扣價標樣式,1,1,0.82,IMG_0246.jpg,,"瓶身有テスター貼紙；税込價格為1,099円。"
P0175,CNP Laboratory,CNP ミュージェナー カーミングアンプルマスク,CNP 積雪草舒緩安瓶面膜,面膜,Mugener Calming Ampule Mask / Soothing Hydration,25ml 1枚,1,37%OFF,37,169,269,169,169,169,税込,白底紅色折扣框，黑色大字價格,紅白折扣價標樣式,1,1,0.78,IMG_3672.jpg,,右側商品部分可見；價標税込186円。
P0176,EVERYYOU,EVERYYOU ティーツリーフェイスマスク,EVERYYOU 茶樹保濕精華面膜,面膜,TEATREE MOISTURE ESSENCE MASK / オールインワン,31枚,31,60%OFF,60,599,,599,599,599,税抜,白底價標，紅色折扣區塊，黑色大字價格,日本折扣型價標樣式（紅白價標、OFF表示）,1,1,0.76,IMG_3682.jpg,,價標顯示税込659円；原價區域被反光與模糊影響，無法確認。包裝標示MADE IN JAPAN。
P0177,HARIS,HARIS スピキュールオールインワンジェル,HARIS 微針全效凝膠,其他,,200g,,71%OFF,71,699,,699,699,699,税込,白底紅色折扣框、黑色大字價格,日本藥妝店紅白折扣價標樣式,1,1,0.88,IMG_3702.jpg,,右側商品與價標部分入鏡；原價數字被裁切，無法確認。
P0178,pdc,ピュアナチュラル プレミアム 美容液＋クリーム,Pure Natural Premium 美容液＋乳霜,精華,ナイアシンアミド配合、低刺激、医薬部外品,,,LINE掲載商品,,1430,,1430,1430,1430,税込,"中央白底綠色LINE POP棚札，税抜1,300円、税込1,430円",LINE掲載商品、会員様ならこの価格！の緑色價標,1,1,0.82,IMG_3707.jpg,,正面商品盒可讀為美容液＋クリーム；下方棚札商品名為ピュアナチュラル ブライトニング エッセンス，可能為對應商品或同系列商品。
P0179,水たま,水たま モイスト＆ホワイト フェイスマスク,水たま 保濕亮白面膜,面膜,50%増量,,,,,1499,0,1499,1499,1499,税抜,白底黑字貨架價標，紅色底線,,1,1,0.82,IMG_3713.jpg,,税込価格為1649円；包裝可見「50%増量」。POP文字提到肌膚變明亮、質地像水潤果凍。入數被遮擋，無法確認。
P0180,RISM,クールミンティカルエッセンスグリーンレタス,Cool Mintical Essence Green Lettuce,其他,グリーンレタス,,,91%OFF,91,199,2420,199,199,199,税抜,白底價標，紅色折扣框，黑色大字價格,日本藥妝店白底紅色OFF價標樣式,1,1,0.72,IMG_3720.jpg,,價標顯示税込 219円。商品名依價標辨識，部分文字模糊。
P0181,Re'senza,SUPER VC100 FACE MASK,超級VC100面膜,面膜,VC100,,,88%OFF,88,499,549,499,499,499,税抜,赤白價標，左側紅色OFF標示,AENA / 赤白の割引価格タグ / SNS投稿禁止POP,1,1,0.72,IMG_0176.jpg,,橘色包裝
P0182,MDSKIN LABO,グルタチオンプレミアムケアマスク30,穀胱甘肽高級護理面膜30片,面膜,黃色包裝 / Glutathione / Vitamin C Derivatives,30枚,30,45%OFF,45,499,900,499,499,499,税込,白底紅色折扣區塊價標，黑色大字價格,AENA風格價標，POP含AENA標誌,1,1,0.78,IMG_0181.jpg,P0198 (0.94) グルタチオンプレミアムケアマスク,左側價標可讀為MDSKIN LABO グルタチオンプレミアムケアマスク30。價標顯示税込549円。
P0183,,"飲むエステ 生粋プラセンタ 300,000","飲用美容 生粹胎盤素 300,000",其他,コラーゲン・ヒアルロン酸,60粒 1ヶ月分,,,,999,,999,999,999,税抜,白底紅色底線大型數字價標，另列税込價,紅白貨架價標、LINE掲載POP,1,1,0.82,IMG_0193.jpg,,"税込1,079円；價標下方可見『※セール割引除外品』"
P0184,Rombucha,Rombucha PEACH コンブチャ,Rombucha 桃子康普茶,其他,PEACH,,,,,,,,,,不明,,紅白價標，顯示參考小売価格與税込價格,1,1,0.76,IMG_0199.jpg,,下方粉色商品僅部分入鏡，未見價格與容量。
P0185,アンシャンテ,アンシャンテ フェイスパック エクソソーム,Enchanté 外泌體集中護理面膜,面膜,premium EXOSOME agecare,30枚,30,82%OFF,82,499,3080,499,499,499,税抜,白底價標，紅色折扣區塊，黑色大字價格,,1,1,0.84,IMG_3685.jpg,,價標顯示税込549円。包裝可見ハリ肌集中ケア、エクソソーム、ヒト幹細胞培養液、ビタミンC、植物エキス、ヒアルロン酸、コラーゲン等訴求。
P0186,NAIAS,NAIAS ナイアシンアミド配合化粧水,NAIAS 菸鹼醯胺配合化妝水,化妝水,乾燥小じわ対策,,,67%OFF,67,599,1980,599,599,599,税込,白底紅色折扣框、黑色大字價格,紅白折扣價標、LINE掲載商品小卡,1,1,0.82,IMG_3725.jpg,,價標顯示税込659円；包裝可見 NAIAS WRINKLE LOTION、保湿成分、効能評価試験済み。
P0187,THE STEM CELL,ステムセル POWER SKIN セラム,Stem Cell Power Skin 精華液,精華,,55ml / 1.86 fl oz,,90%OFF,90,999,10780,999,999,999,税抜,白底黑字大價格、紅色90%OFF標籤、底部紅條,AENA價標、SNS投稿禁止告示、白地紅底價格標,1,1,0.88,IMG_0240.jpg,,"税込価格は1,099円。商品本體有テスター貼紙。"
P0188,,EXOSOME WHITE MOIST,EXOSOME 白色保濕精華,精華,WHITE MOIST,,,90%OFF,90,,10780,,,,不明,白底價標，紅色折扣框，黑色大字價格，底部紅色條,日本藥妝店白底紅色折扣價標樣式,1,1,0.73,IMG_0247.jpg,,右側商品與價標大部分被裁切，特價價格與税込標示無法完整確認。
P0189,BIORICA,BIORICA クレイコンディショナー,BIORICA 泥質護髮潤髮乳,其他,white floral & savon,360mL,,63%OFF,63,299,880,299,299,299,税込,白底貨架標籤，紅色63%OFF方塊，黑色大字價格,紅白貨架折扣價標,1,1,0.82,IMG_3642.jpg,,商品為護髮用conditioner，非面膜。價標顯示メーカ希望小売価格880円，税込329円。
P0190,ビオリカ,ビオリカ ナイトマスク20P ラベンダー,BIORICA 夜間護理面膜 20片 薰衣草,面膜,ラベンダーの香り,20枚入,20,65%OFF,65,699,2200,699,699,699,税込,白底紅色折扣欄，黑色大字價格，AENA貨架價標,AENA 價標,1,1,0.82,IMG_3663.jpg,,包裝可見 Relaxing night、CONCENTRATE FACIAL MASK、MADE IN JAPAN、高精製ワセリン配合、うるおい密封美容液、精油を使用した。税込價格為769円。
P0191,RISM,デイリーケアリフトパッククリームマスク,每日護理提拉乳霜面膜,面膜,,,,89%OFF,89,199,1800,199,199,199,税込,白底紅色折扣框、黑色大字價格,紅白折扣價標,1,1,0.76,IMG_3726.jpg,,"右下角價標部分可見；税込219円可讀，原價數字看似1,800円但不完全清晰。"
P0192,不明,プレミアム フェイシャルケア 100,高級臉部護理100面膜,面膜,100,,,45%OFF,45,499,549,499,499,499,税抜,赤白價標，左側紅色OFF標示,AENA / 赤白の割引価格タグ / SNS投稿禁止POP,1,1,0.76,IMG_0177.jpg,,紅色包裝右側部分可見；完整商品名與張數不清楚
P0193,WHITE VEIL,WHITE VEIL（ホワイトヴェール）,WHITE VEIL 美容保健品,其他,,,,87%OFF,87,,,,,,税込,LINE掲載綠色標頭價標，紅色爆炸形折扣標示,紅白貨架價標、LINE掲載POP,1,1,0.82,IMG_0193.jpg,,右側商品與價標被裁切，實際售價只見開頭『69』，無法確認完整價格
P0194,,スチームクリーム スウィートストライプス,蒸汽乳霜 甜蜜條紋款,其他,スウィートストライプス,,,50%OFF,50,1090,,1090,1090,1090,税込,白底紅色折扣框、黑色大價格、紅色底欄,日本店頭紅白折扣價標樣式,1,1,0.78,IMG_0228.jpg,,"右側商品與價標部分被裁切，税込價格下方可見約 1,20x円，完整原價無法確認。"
P0195,,ハイドロキノン5% レチノールを配合,氫醌5%＋視黃醇配方產品,其他,,,,,,,,,,,不明,,LINE掲載商品 綠色標頭價標,1,1,0.86,IMG_0237.jpg,P0006 (0.83) 業務用ハイドロキノン5%原液 レチノール配合,左側の細長い箱。価格札は写真内で確認できない。
P0196,Make.iN,NMN MOIST EYE SHEET,NMN 保濕眼膜,眼膜,NMN,60sheets 30sets,60,,,,,,,,不明,,,1,1,0.86,IMG_3629.jpg,,手持商品本體未見清楚對應價標；背景有其他貨架價標但無法確認是否對應此商品。包裝POP寫有次世代エイジングケア成分、ガラクトミセス培養液、ヒト幹細胞、ナイアシンアミド等訴求。
P0197,wliwewo,生レチノールケアマスク 大容量50枚,生視黃醇護理面膜 大容量50片,面膜,RETINOL VITAMIN / Premium Care Mask,50枚,50,77%OFF,77,699,3300,699,699,699,税抜,白底紅色折扣標，黑色大字價格，右下標税込價,AENA風の赤白割引價標,1,1,0.86,IMG_3659.jpg,P0016 (0.86) 生ビタミン生レチノールケアマスク 大容量50枚,税込価格は769円。包裝可見「1枚で4役」「美容液まるごと7本分」「MADE IN JAPAN」。
P0198,MDSKIN LABO,グルタチオンプレミアムケアマスク,穀胱甘肽高級護理面膜,面膜,紅色包裝 / Premium Facial Care,50枚入り,50,45%OFF,45,499,990,499,499,499,税込,白底價標，橘紅色折扣區塊，黑色大字價格,AENA風格價標,1,1,0.82,IMG_3686.jpg,P0182 (0.94) グルタチオンプレミアムケアマスク30,包裝正面可見「100種類以上の美容成分」「全方位フェイシャルケア」「生グルタチオール100倍配合」。價標商品名部分疑似為「LABO グルタチオンプレミアムケアマスク30」，但包裝右下明確顯示50 sheets，價標品名末尾數字不完全清楚。
P0199,Fleuri,Fleuri BOOST SERUM,Fleuri 導入型美容液／前導精華,精華,,,,95%OFF,95,299,6600,299,299,299,税込,白底紅色折扣框、黑色大字價格,日本藥妝店紅白折扣價標樣式,1,1,0.86,IMG_3701.jpg,,價標顯示稅込329円；左側小卡可見「先行型美容液」「うるおい」「ぷるぷる肌に」。
P0200,ancienne Vitalize,アンシャンテ ヴィタライズローション,ancienne Vitalize 化妝水,化妝水,プレミアムエイジケア / トリプルヒアルロン酸 / W幹細胞培養液×エクソソーム,,,91%OFF,91,899,11000,899,899,899,税抜,白底貨架價標，紅色折扣區塊，黑色大字價格,,1,1,0.82,IMG_3715.jpg,,"價標顯示メーカー希望小売価格11,000円，售價899円，税込989円。容量未清楚可讀。"
P0201,RISM,デイリーケアモイストローションマスク,每日護理保濕化妝水面膜,面膜,,,,78%OFF,78,399,1980,399,399,399,税込,白底紅色折扣框、黑色大字價格,紅白折扣價標,1,1,0.76,IMG_3726.jpg,,下層商品與價標部分可見，品名不完全清楚；税込439円可讀。
P0202,ピュアリス,シートマスク ヒアルロン酸＋コラーゲン,片狀面膜 玻尿酸＋膠原蛋白,面膜,HYALURONIC ACID + COLLAGEN,1枚,1,67%OFF,67,99,109,99,99,99,税抜,赤白價標，左側紅色OFF標示,AENA / 赤白の割引価格タグ / SNS投稿禁止POP,1,1,0.72,IMG_0176.jpg,,吊掛式單片面膜
P0203,,くびれメイクガードル ブラック M-L,塑腰美型束褲 黑色 M-L,其他,ブラック M-L,,,87%OFF,87,499,4378,499,499,499,税込,白底價標，紅色折扣框，大黑字價格,日本折扣店風格白底紅色折扣價標,1,1,0.82,IMG_0212.jpg,,價標顯示税込 549円；包裝可見 KUBIRE、丸みヒップ、ぽっこりお腹を引き締め等文字
P0204,,PLACENTA RETINOL,胎盤素視黃醇,其他,02,,,,,,,,,,不明,,,1,1,0.86,IMG_3629.jpg,,背景右上粉色包裝，未見可確認對應價格。
P0205,QUALITY 1st,THE DERMA MASK 高保湿,THE DERMA MASK 高保濕面膜,面膜,高保湿 / ザ・ダーママスク,7枚入り,7,,,,,,,,不明,,,1,1,0.86,IMG_3656.jpg,,照片中未看到對應棚札、價標、税込/税抜價格或折扣貼紙。商品正面 POP 僅有 New、3分ケア、成分訴求與 7枚入り。
P0206,,プレミアム EXOSOME age,Premium EXOSOME age 面膜,面膜,紫色包裝,,,,,,,,,,不明,,AENA 價標、SNS投稿禁止POP,1,1,0.86,IMG_3662.jpg,,右側商品只拍到部分包裝，品牌、完整品名與價格不可確認。
P0207,,アゼライン酸フェイシャルマスク,壬二酸清涼感面膜,面膜,冷感 / AZELAIC ACID,30Sheets,30,88%OFF,88,,,,,,不明,白底紅色折扣欄，價格部分被裁切,AENA / 紅白折扣價標,1,1,0.78,IMG_3665.jpg,P0221 (0.86) アゼライン酸フェイスマスク,右側商品與價標只拍到部分，價格無法完整辨識；包裝可見 +ヒアルロン酸、+ビタミンC、+ナイアシンアミド
P0208,LANEIGE,ラネージュ バウンシーセラム 30ml,蘭芝 Bouncy & Firm 精華 30ml,精華,Bouncy & Firm Serum,30ml,,50%OFF,50,1999,4400,1999,1999,1999,税込,白底價標，紅色折扣框，底部橘色條,AENA系の白底・赤割引價標,1,1,0.88,IMG_3699.jpg,,"稅込價格 2,199円；外盒英文可見 Plump, Firm, Smooth。"
P0209,Fleuri,fleuri（フルリ）ブーストセラム,Fleuri Boost Serum 前導精華,精華,ブーストセラム,,,95%OFF,95,299,6600,299,299,299,税込,白底價標，紅色折扣框，底部橘色條；旁有米色分類卡,AENA系の白底・赤割引價標,1,1,0.86,IMG_3700.jpg,,稅込價格 329円；分類卡寫「先行型美容液」「うるおい」「ぷるぷる肌に」。
P0210,VITAme,ピュアビタミン＆レチノール クリーム,純維他命與視黃醇乳霜,其他,,,,93%OFF,93,699,11000,699,699,699,税抜,白底價標，紅色折扣框，黑色大字價格，下方標示税込價,日本藥妝店白底紅色OFF價標樣式,1,1,0.78,IMG_3719.jpg,,右側可見同品牌圓罐及價標，税込 769円。
P0211,日本リコス,ステビアヘルスイヌリンプラス,Stevia Health 菊粉 Plus,其他,,100g,,,,431,,431,431,431,税込,白底棚札、大字黑色税抜価格、下方小字税込価格,紅白貨架價標,1,1,0.86,IMG_0192.jpg,,棚札顯示税抜399円、税込431円
P0212,WHITE VEIL,WHITE VEIL moist,WHITE VEIL moist 保濕款,其他,moist,,,87%OFF,87,699,5990,699,699,699,税込,綠色LINE掲載商品標籤、白底價標、紅色87%OFF爆炸圖示,綠色「LINE掲載商品」價標,1,1,0.78,IMG_0194.jpg,,包裝標示為機能性表示食品；價標顯示税込755円。非面膜，屬保養/美容相關補充品或食品。照片右側另有LaLafem商品局部與價標，但主體不完整，未列為主要商品。
P0213,ビコモンテ,高濃度美容液 ナイアシンアミド,高濃度美容液 菸鹼醯胺,精華,ナイアシンアミド,,,75%OFF,75,499,2200,499,499,499,税込,白底價標，橘紅色折扣區塊，黑色大字價格,AENA風格價標,1,1,0.75,IMG_3688.jpg,,黑色盒裝商品正面可見楽天市場美容液ランキング第1位、高濃度美容液、ナイアシンアミド。容量未清楚可見。
P0214,RISM,エイジイロージョングリーンレタス,Age Lotion Green Lettuce,化妝水,グリーンレタス,,,83%OFF,83,299,1760,299,299,299,税抜,白底價標，紅色折扣框，黑色大字價格,日本藥妝店白底紅色OFF價標樣式,1,1,0.72,IMG_3720.jpg,,價標顯示税込 329円。商品名部分模糊。
P0215,プラチナレーベル,プラチナレーベル ハトムギ化粧水,Platinum Label 薏仁化妝水,化妝水,,,,78%OFF,78,999,,999,999,999,税抜,白底價標，紅色折扣框，黑色大字價格，下方標示税込價,日本藥妝店白底紅色OFF價標樣式,1,1,0.67,IMG_3721.jpg,,"價標顯示税込 1,099円，原價處模糊無法確認。包裝可見 シワを改善し、さらに美白。"
P0216,,PERFECT BEAUTY,,其他,紫色ボトル,,,,,598,,598,598,598,不明,白地棚札、赤い小枠あり,AENA風格の赤白価格タグが見える,1,1,0.18,IMG_0175.jpg,,ブランド名は不鮮明。棚札の大きな数字は598に見えるが税込/税抜は判読不能
P0217,i-SAMU,Veganior VC-100,Veganior VC-100 面膜,面膜,VC-100,,,67%OFF,67,499,549,499,499,499,税抜,赤白價標，左側紅色OFF標示,AENA / 赤白の割引価格タグ / SNS投稿禁止POP,1,1,0.72,IMG_0176.jpg,,金色包裝；價標顯示税込549円
P0218,LACTO-FIT,ラクトフィット ゴールド 30本,LACTO-FIT Gold 乳酸菌 30條,其他,ゴールド,30本,,,,1599,,1599,1599,1599,税込,白底紅色底線區塊價標，黑色大字價格,紅白價標，顯示參考小売価格與税込價格,1,1,0.76,IMG_0199.jpg,,"右側商品為相關保健食品；價標可見税抜1,599円與税込價格開頭1,72?，税込末位被裁切無法確定。"
P0219,Make.iN,HARI スピキュール アイシート,HARI 微針眼膜,眼膜,DERMA ISM 100 / HARI SPICULE+ Human Stem Cells nano capsules,60枚 / 30sets,60,63%OFF,63,599,1760,599,599,599,税抜・税込併記,白底紅色折扣框、黑色大字價格,紅白折扣價標樣式,1,1,0.86,IMG_0218.jpg,,價標顯示税抜599円、税込659円；包裝標示60 sheets/30 sets、Made in Japan。右側金色商品僅部分入鏡，品名與價格不完整未列入。
P0220,BIORICA,ビオリカ ハニーコンディショナー,BIORICA 蜂蜜護髮素,其他,はちみつ＆ローヤルゼリーエキス配合,,,63%OFF,63,299,880,299,299,299,税抜,白底紅色折扣欄，黑色大字價格，另標税込價,紅白折扣價標樣式,1,1,0.8,IMG_3646.jpg,,左側商品與價標可見；容量部分不清楚
P0221,,アゼライン酸フェイスマスク,壬二酸每日保濕面膜,面膜,AZELAIC ACID Daily / 冷感 / 1枚4機能,30Sheets,30,88%OFF,88,399,3630,399,399,399,税込,白底紅色折扣欄，黑色大字價格，AENA貨架價標,AENA 價標樣式,1,1,0.84,IMG_3664.jpg,P0207 (0.86) アゼライン酸フェイシャルマスク,包裝可見 ヒアルロン酸 + ビタミンC + ナイアシンアミド、化粧水・乳液・美容液・パック、MADE IN JAPAN。税込價格為439円。
P0222,RepairPro,リペアプロ プロテクトパック,RepairPro 防護面膜,面膜,左側白綠包裝,,,,,,,,,,不明,,日本折扣型價標樣式（紅白價標、OFF表示）,1,1,0.76,IMG_3682.jpg,,左側商品僅部分入鏡，價標不在畫面中央且不可完整辨識。
P0223,EVERYYOU,ハトムギフェイシャルマスク,薏仁臉部面膜,面膜,ハトムギ / オールインワン,31枚,31,67%OFF,67,499,1650,499,499,499,税抜,白底價標，紅色折扣區塊，黑色大字價格,AENA,1,1,0.88,IMG_3683.jpg,,包裝可見 ハトムギエキス、コラーゲン、ヒアルロン酸、アミノ酸；價標下方另列税込549円。右側黃色小卡可見撮影禁止，非商品資訊。
P0224,PURE GOLDEN,ピュアゴールデン ホホバオイル,Pure Golden 荷荷巴油,其他,トライアルサイズ,0.5mL × 7個,,86%OFF,86,99,770,99,99,99,税抜,白底價標，紅色折扣框，黑色大字價格，下方税込價,日本店頭折扣價標；紅色OFF標示、税込價併記,1,1,0.83,IMG_3694.jpg,,税込價格為109円；包裝上可見 MOIST SKIN CARE
P0225,,オヤスミタンパク ココア味,晚安蛋白 可可風味,其他,ココア味,,,56%OFF,56,119,292,119,119,119,税抜,白底紅色折扣標籤，黑字大價格，另列税込價格,白底紅線的大型折扣價標,1,1,0.84,IMG_0190.jpg,,税込價格為129円。包裝正面可見 BEAUTY PROTEIN、カカオ香る まろやか。商品為蛋白飲/粉包，不是面膜。
P0226,,ハイドロキノン シートマスク,氫醌面膜,面膜,,43枚入り,43,,,,,,,,不明,,LINE掲載商品 綠色標頭價標,1,1,0.86,IMG_0237.jpg,,右側の商品。価格札は写真内で対応価格が確認できない。
P0227,Re:Set,リンクル＆ホワイトクリーム,抗皺美白乳霜,其他,,,,90%OFF,90,999,11000,999,999,999,税込,白底價標，紅色折扣框，黑色大字價格,日本藥妝店白底紅色折扣價標,1,1,0.8,IMG_3706.jpg,,"商品本體未清楚拍到，只能依貨架價標辨識；税込價格為1,099円。"
P0228,Make.iN,VitaminC300,VitaminC300 面膜,面膜,VitaminC300,,,64%OFF,64,499,549,499,499,499,税抜,赤白價標，左側紅色OFF標示,AENA / 赤白の割引価格タグ / SNS投稿禁止POP,1,1,0.72,IMG_0176.jpg,,黑金包裝；商品名後段不完全清楚
P0229,不明,Glutathione,穀胱甘肽面膜,面膜,Glutathione,,,,,,,,,,不明,價標被截到,AENA / 赤白の割引価格タグ / SNS投稿禁止POP,1,1,0.76,IMG_0177.jpg,,右側白金包裝僅部分可見，價格不清楚
P0230,FANCL,発芽米と緑茶 シンフォニー,發芽米與綠茶 Symphony,其他,,,,+3,,,,,,,不明,,LINE掲載商品,1,1,0.88,IMG_0186.jpg,,左端に一部のみ写っており、価格は確認不可。
P0231,Oshigoto × Supplement,推しごと×サプリ Red,推し事×補充品 Red,其他,Red / マカ / スタミナ,,,98%OFF,98,29,1296,29,29,29,税込,白底價標、紅色98%OFF區塊、黑色大字價格,白底紅色折扣價標,1,1,0.82,IMG_0196.jpg,,價標顯示税込31円。包裝主體部分被貨架紙板遮住，下半部文字不完整。右側粉色款商品局部可見，但價標與品名不完整，未列為獨立商品。
P0232,EVERYYOU,CICA シートアイマスク,CICA 片狀眼膜,眼膜,CICA / 綠色盒,1日1セット / 約2か月分,,42%OFF,42,699,1320,699,699,699,税抜,白底價標，紅色42%OFF區塊，黑色大字價格，底部紅條,日本藥妝店折扣價標樣式（紅色OFF標籤、白底價標）,1,1,0.82,IMG_0211.jpg,,價標顯示税込769円；包裝可見 EVERYYOU、MANAZA-SHEET EYEMASK、MADE IN JAPAN。包裝上方可見約2か月分，但照片未清楚顯示總片數。
P0233,Make.iN,NMN モイストアイシート,NMN 保濕眼膜,眼膜,NMN / モイストマスク,60Sheets / 30sets,60,58%OFF,58,499,1320,499,499,499,税抜・税込併記,白底紅色折扣框、黑色大字價格,紅白折扣價標樣式,1,1,0.88,IMG_0219.jpg,,價標顯示税抜499円、税込549円；包裝標示Made in Japan。左右為同款商品重複陳列。
P0234,esorani,esorani エソラニ,esorani 保養品,其他,,,,,,,,,,,不明,,AENA店內POP「SNS投稿禁止」與AENA標誌,1,1,0.84,IMG_3697.jpg,,右側白色盒裝商品僅可見品牌與部分文字，價標未完整入鏡，品名無法確定
P0235,,エッセンスクリーム 50g,精華乳霜 50g,其他,,50g,,,,999,11000,999,999,999,税抜,白底價標，紅色折扣框部分被截斷，黑色大字價格,日本藥妝店白底紅色OFF價標樣式,1,1,0.78,IMG_3719.jpg,P0093 (0.85) PDRN エッセンスクリーム 50g,"左側商品與價標部分被裁切，品牌與折扣率無法完整確認；税込 1,099円。"
P0236,旭研 / ASAHI LABO,純ハイドロキノン 5%,純氫醌5%乳霜,其他,クリームタイプ / 業務用,,,,,2486,,2486,2486,2486,税込,白地に緑の『LINE 掲載商品』POP付き棚札。税抜価格が大きく表示され、税込価格が小さく括弧書き。,LINE掲載商品 綠色標頭價標,1,1,0.86,IMG_0237.jpg,,"棚札の大きい価格は税抜2,260円、括弧内に税込2,486円と表示。商品箱には『※1: 皮膚コンディショニング』らしき小字あり。"
P0237,BIORICA,ビオリカ ハニーシャンプー,BIORICA 蜂蜜洗髮精,其他,はちみつ＆ローヤルゼリーエキス配合,360mL,,63%OFF,63,299,880,299,299,299,税抜,白底紅色折扣欄，黑色大字價格，另標税込價,紅白折扣價標樣式,1,1,0.8,IMG_3646.jpg,,價標顯示ビオリカ ハニーシャンプー；商品標示ノンシリコン シャンプー、ラベンダーオイル、ツバキオイル
P0238,GASI,S-1 化粧水 200ml,S-1 化妝水 200ml,化妝水,高保湿、敏感肌の方もOK,200ml,,75%OFF,75,499,2178,499,499,499,税込,白底紅色折扣框、黑色大字價格,紅白折扣價標,1,1,0.76,IMG_3726.jpg,,價標顯示税込549円；瓶身可見 Moisture Toner、Daily Aging Care。
P0239,ピュアリス,シートマスク レチノール,片狀面膜 視黃醇,面膜,RETINOL,1枚,1,67%OFF,67,99,109,99,99,99,税抜,赤白價標，左側紅色OFF標示,AENA / 赤白の割引価格タグ / SNS投稿禁止POP,1,1,0.72,IMG_0176.jpg,,吊掛式單片面膜
P0240,ピュアリス,シートマスク CICA,片狀面膜 積雪草,面膜,CICA / Camellia asiatica,1枚,1,67%OFF,67,99,109,99,99,99,税抜,赤白價標，左側紅色OFF標示,AENA / 赤白の割引価格タグ / SNS投稿禁止POP,1,1,0.72,IMG_0176.jpg,,吊掛式單片面膜
P0241,ピュアリス,シートマスク ビタミン,片狀面膜 維他命,面膜,VITAMIN,1枚,1,67%OFF,67,99,109,99,99,99,税抜,赤白價標，左側紅色OFF標示,AENA / 赤白の割引価格タグ / SNS投稿禁止POP,1,1,0.72,IMG_0176.jpg,,吊掛式單片面膜
P0242,FANCL,大人のカロリミット,成人 Calolimit,其他,40回分 10%増量 ブラックジンジャー由来ポリメトキシフラボン配合,40+4回分、丸型タブレット、目安量1回3粒（1日1-3回）,,10%増量,,3672,,3672,3672,3672,税込,棚札：緑見出し「LINE掲載商品」、税抜大字価格と税込小字価格,LINE掲載商品,1,1,0.88,IMG_0186.jpg,P0114 (0.8) カロリミット,"棚札の3,400円は税抜、税込は3,672円。機能性表示食品。脂肪の代謝を助け消費しやすくする、BMIが高めの方の腹部の脂肪を減らす、食事の糖や脂肪の吸収を抑える旨の表示あり。"
P0243,NMN,NMN ホワイトケア,NMN 白皙護理,其他,,,,89%OFF,89,,,,,,不明,白底價標，紅色89%OFF區塊,日本藥妝店折扣價標樣式：紅色OFF標籤、白底黑字價格,1,1,0.78,IMG_0230.jpg,,右側商品與價標被裁切，價格無法完整辨識。
P0244,旭研,ハイドロキノン石鹸,氫醌皂,洗面乳,石鹸,,,,,1000,,1000,1000,1000,税抜,白底黑字大價格、底部紅條,AENA價標、SNS投稿禁止告示、白地紅底價格標,1,1,0.88,IMG_0240.jpg,,"税込価格は1,100円。照片右側可見旭研盒裝商品與價標。"
P0245,,ナイトリンクルケア,夜間皺紋護理,其他,黑色小盒裝,,,75%OFF,75,499,2000,499,499,499,税抜,白底價標，紅色折扣區塊，黑色大字價格,日本折扣型價標樣式（紅白價標、OFF表示）,1,1,0.76,IMG_3682.jpg,,右側商品局部可見，價標顯示税込549円，品名細節不完整。
P0246,CHARMING,茶眠【チャーミング】,茶眠 Charming 女性生活健康應援茶,其他,金時生姜・黒豆茶,20g（2g×10袋）／10日分,,7+3,,323,299,323,323,323,税込,白底棚札，黑字大價格，稅込小字標示,白底紅線的大型折扣價標,1,1,0.86,IMG_0188.jpg,,棚札顯示税抜299円、税込323円；包裝正面有『7+3』與『20g（2g×10袋）』標示，疑似增量/組合標示，非百分比折扣。
P0247,,免疫応援 酢酸菌,免疫應援 醋酸菌,其他,酢酸菌GK-1,30日分／1日摂取目安量:1粒,,87%OFF,87,299,2480,299,299,299,税抜,白底紅色折扣標籤，黑字大價格，另列税込價格,白底紅線的大型折扣價標,1,1,0.88,IMG_0189.jpg,,"税込價格為323円。功能性表示食品。可見参考小売価格2,480円。商品為膠囊/機能食品，不是面膜。"
P0248,,シミ対策 クリーム,淡斑對策乳霜,其他,,,,,,1300,,1300,1300,1300,税抜,白底價標，黑色大字價格,綠色「会員様ならこの価格！」價標、紅白折扣價標,1,1,0.78,IMG_3710.jpg,,"左側商品只拍到部分包裝與價標，品牌與完整品名無法確定。税込價格為1,430円。"
P0249,,ワンデビジン,One Day Bijin 面膜,面膜,,,,,,1180,,1180,1180,1180,税抜,綠白會員價格標，黑色大字價格,AENA / 紅白折扣價標、綠白會員價標,1,1,0.82,IMG_3666.jpg,,"上層粉紅包裝只部分入鏡；價標顯示税込 1,298円，商品全名與規格無法完整辨識"
P0250,,クリーム 50g,乳霜 50g,其他,,50g,,%OFF,,989,5500,989,989,989,税込,左下紅色折扣棚札，税抜899円、税込989円,LINE掲載商品、会員様ならこの価格！の緑色價標,1,1,0.82,IMG_3707.jpg,,左側商品與折扣率部分被照片裁切，%OFF 前的數字不可讀。
P0251,L/UNE（ユヌ）,リポソームトナー,脂質體化妝水,化妝水,,,,83%OFF,83,299,,299,299,299,税抜,白底價標，紅色折扣框，黑色大字價格,日本藥妝店白底紅色OFF價標樣式,1,1,0.78,IMG_3719.jpg,,右側價標部分可見，税込 329円，原價區域不清楚。
P0252,,CICA,CICA 面膜,面膜,綠白包裝,,,,,,,,,,不明,,AENA 價標,1,1,0.82,IMG_3663.jpg,,右側商品只拍到部分包裝，完整品名與價格不可確認。
P0253,S-1,S-1 乳液,S-1 乳液,乳液,,,,,,499,2178,499,499,499,税込,白底紅色折扣欄、黑色大字價格,,1,1,0.82,IMG_3728.jpg,,"左側價標顯示參考小売価格 2,178円、499円，税込 549円；折扣率被裁切無法確認。瓶身可見「長保湿 乳液」「乾燥肌の方もOK」「無香料・無着色・エキス」。"
P0254,水たま,水たま,水珠／水玉,其他,50%増量,50%増量,,50%増量,,1649,1499,1649,1649,1649,税込,白底棚札，黑色大字税抜価格，括號內税込価格,,1,1,0.82,IMG_3713.jpg,,"棚札顯示税抜 1,499円、税込 1,649円。商品包裝右上與右側標示 50%増量，屬增量標示不是折扣。"
P0255,LUX,,,其他,黄色・黄緑色ボトル,,,,,,,,,,不明,白地棚札、赤い小枠あり,AENA風格の赤白価格タグが見える,1,1,0.18,IMG_0175.jpg,,商品名と対応価格は手前の人物とブレにより判読困難
P0256,,,,其他,淡い黄色ボトル,,,,,598,,598,598,598,不明,白地棚札、赤い小枠あり,AENA風格の赤白価格タグが見える,1,1,0.18,IMG_0175.jpg,,商品名は不鮮明。棚札の大きな数字は598に見える
P0257,MDSKIN LABO,,,面膜,Vitamin,,,,,,,,,,不明,,AENA價標・SNS投稿禁止POP,1,1,0.78,IMG_3661.jpg,,右側黃色包裝僅部分入鏡，品名、片數與價格不可完整辨識。
P0258,,,,面膜,オレンジ色パッケージ,7枚入,7,,,499,1400,499,499,499,税込,白底紅色折扣框，黑色大字價格,紅白折扣價標樣式,1,1,0.74,IMG_3673.jpg,,"左端商品只拍到局部，商品名與品牌不完整；價標可見税込549円、メーカー希望小売価格1,400円、価格499円，但折扣率與完整品名不清楚。"
P0259,,,,面膜,粉紫色包裝，標示ピンっとハリ感UP,,,,,,,,,,不明,,日本折扣型價標樣式（紅白價標、OFF表示）,1,1,0.82,IMG_3680.jpg,,右側商品僅部分入鏡，品牌與品名、價格不可完整辨識。
P0260,,,,面膜,綠色包裝,,,,,,,,,,不明,,AENA風格價標,1,1,0.75,IMG_3688.jpg,,照片左側只拍到部分綠色面膜包裝，可讀文字不足以確認品牌與商品名。
